"","Peptide_id","Allele","Peptide.","peptide_seq","Allele.","A.R.","A.R..1","A.R..2","A.R..3","No_of_Donors","Response_n.a","Relative_freq","Odds_ratio","P.value","What","Value","DKL","tg","ba"
"1","pep10","DQ_2",10,"NLTSLDAIYHFGTPGVGLRP",1,2,13,18,25,58,0,0.386666666667,0.213675213675,0.0607556565709,"Mode",0.00138873584139808,1.85430850993919,NA,NA
"2","pep10","DQ_5",10,"NLTSLDAIYHFGTPGVGLRP",2,5,10,19,24,58,0,0.805555555556,0.631578947368,0.551513066086,"Mode",0.000828997265524452,1.79422623372103,NA,NA
"3","pep10","DQ_6",10,"NLTSLDAIYHFGTPGVGLRP",3,11,4,20,23,58,0,1.37204301075,3.1625,0.131430203132,"Mode",0.0142157047214439,1.22966204078045,NA,NA
"4","pep10","DQ_7",10,"NLTSLDAIYHFGTPGVGLRP",4,3,12,12,31,58,0,0.773333333333,0.645833333333,0.736107801223,"Mode",0.00662089135268316,1.21309870397501,NA,NA
"5","pep10","DQ_8",10,"NLTSLDAIYHFGTPGVGLRP",5,6,9,8,35,58,0,1.65714285714,2.91666666667,0.158198480242,"Mode",0.045105411450705,0.712996054615593,NA,NA
"6","pep10","DQ_9",10,"NLTSLDAIYHFGTPGVGLRP",6,1,14,4,39,58,0,0.773333333333,0.696428571429,1,"Mode",0.00759111470015286,0.69961738991455,NA,NA
"7","pep10","DR_1",10,"NLTSLDAIYHFGTPGVGLRP",7,2,13,15,28,58,0,0.454901960784,0.287179487179,0.187842451361,"Mode",0.00121773105487854,1.65763885849065,0,1
"8","pep10","DR_10",10,"NLTSLDAIYHFGTPGVGLRP",12,1,14,0,43,58,0,3.86666666667,Inf,0.258620689655,"Mode",0.977996519885936,0.0276741549511526,NA,NA
"9","pep10","DR_11",10,"NLTSLDAIYHFGTPGVGLRP",13,1,14,6,37,58,0,0.552380952381,0.440476190476,0.663846024537,"Mode",0.00233079344192813,0.940519775029939,NA,0
"10","pep10","DR_12",10,"NLTSLDAIYHFGTPGVGLRP",14,0,15,2,41,58,0,0,0,1,"Mode",0.0188849305595903,0.398019596821389,NA,NA
"11","pep10","DR_13",10,"NLTSLDAIYHFGTPGVGLRP",15,1,14,7,36,58,0,0.483333333333,0.367346938776,0.666043109344,"Mode",0.000990184544387953,1.07850179150695,NA,0
"12","pep10","DR_14",10,"NLTSLDAIYHFGTPGVGLRP",16,2,13,5,38,58,0,1.10476190476,1.16923076923,1,"Mode",0.0673891115781175,0.646030745293856,NA,NA
"13","pep10","DR_15",10,"NLTSLDAIYHFGTPGVGLRP",17,10,5,13,30,58,0,1.68115942029,4.61538461538,0.0170862701728,"Mode",0.187007239321237,0.745103350689227,0,1
"14","pep10","DR_17",10,"NLTSLDAIYHFGTPGVGLRP",18,2,13,10,33,58,0,0.644444444444,0.507692307692,0.712283015339,"Mode",0.00710316599480456,1.23396004139464,NA,NA
"15","pep10","DR_4",10,"NLTSLDAIYHFGTPGVGLRP",8,9,6,12,31,58,0,1.65714285714,3.875,0.0336240394338,"Mode",0.103267098596252,0.739685035180642,0,0
"16","pep10","DR_7",10,"NLTSLDAIYHFGTPGVGLRP",9,1,14,11,32,58,0,0.322222222222,0.207792207792,0.156072334663,"Mode",0.00216019101958027,1.45282586557524,NA,1
"17","pep10","DR_8",10,"NLTSLDAIYHFGTPGVGLRP",10,0,15,1,42,58,0,0,0,1,"Mode",0.0501148312685201,0.210119651367944,NA,NA
"18","pep10","DR_9",10,"NLTSLDAIYHFGTPGVGLRP",11,0,15,2,41,58,0,0,0,1,"Mode",0.0212994711566673,0.451045464639282,NA,1
"19","pep11","DQ_2",11,"FGTPGVGLRPYVSAGLAHQN",1,5,13,15,25,58,0,0.805555555556,0.641025641026,0.559476419656,"Mode",0.00437228950361821,1.27735920694844,NA,NA
"20","pep11","DQ_5",11,"FGTPGVGLRPYVSAGLAHQN",2,6,12,18,22,58,0,0.805555555556,0.611111111111,0.565616261836,"Mode",0.00414278441868328,1.70289802781634,NA,NA
"21","pep11","DQ_6",11,"FGTPGVGLRPYVSAGLAHQN",3,10,8,21,19,58,0,1.0394265233,1.13095238095,1,"Mode",0.0310740326688793,1.30500749770629,NA,NA
"22","pep11","DQ_7",11,"FGTPGVGLRPYVSAGLAHQN",4,5,13,10,30,58,0,1.07407407407,1.15384615385,1,"Mode",0.0331396364945451,0.924094573529512,NA,NA
"23","pep11","DQ_8",11,"FGTPGVGLRPYVSAGLAHQN",5,6,12,8,32,58,0,1.38095238095,2,0.32730598628,"Mode",0.189285003163944,0.624334463177675,NA,NA
"24","pep11","DQ_9",11,"FGTPGVGLRPYVSAGLAHQN",6,0,18,5,35,58,0,0,0,0.311091207643,"Mode",0.00232811385141099,0.929332547517825,NA,NA
"25","pep11","DR_1",11,"FGTPGVGLRPYVSAGLAHQN",7,3,15,14,26,58,0,0.56862745098,0.371428571429,0.217498958793,"Mode",0.00430456215228845,1.46465529960799,0,0
"26","pep11","DR_10",11,"FGTPGVGLRPYVSAGLAHQN",12,1,17,0,40,58,0,3.22222222222,Inf,0.310344827586,"Mode",0.835006805829542,0.0278989586724281,NA,NA
"27","pep11","DR_11",11,"FGTPGVGLRPYVSAGLAHQN",13,3,15,4,36,58,0,1.38095238095,1.8,0.665168273496,"Mode",0.0451415491538126,0.426169377823874,NA,0
"28","pep11","DR_12",11,"FGTPGVGLRPYVSAGLAHQN",14,0,18,2,38,58,0,0,0,1,"Mode",0.0300550600414583,0.353774160616781,NA,NA
"29","pep11","DR_13",11,"FGTPGVGLRPYVSAGLAHQN",15,3,15,5,35,58,0,1.20833333333,1.4,0.693618028036,"Mode",0.0497032164755367,0.540662702775137,NA,0
"30","pep11","DR_14",11,"FGTPGVGLRPYVSAGLAHQN",16,2,16,5,35,58,0,0.920634920635,0.875,1,"Mode",0.0171743415357946,0.651843305184976,NA,NA
"31","pep11","DR_15",11,"FGTPGVGLRPYVSAGLAHQN",17,7,11,16,24,58,0,0.980676328502,0.954545454545,1,"Mode",0.073847745650985,1.11864980481607,1,1
"32","pep11","DR_17",11,"FGTPGVGLRPYVSAGLAHQN",18,4,14,8,32,58,0,1.07407407407,1.14285714286,1,"Mode",0.0626533719820361,0.726362527052736,NA,NA
"33","pep11","DR_4",11,"FGTPGVGLRPYVSAGLAHQN",8,9,9,12,28,58,0,1.38095238095,2.33333333333,0.237028161196,"Mode",0.0942860206257752,0.802204149468696,0,1
"34","pep11","DR_7",11,"FGTPGVGLRPYVSAGLAHQN",9,2,16,10,30,58,0,0.537037037037,0.375,0.306799622907,"Mode",0.00801036157878658,1.21365051310571,NA,1
"35","pep11","DR_8",11,"FGTPGVGLRPYVSAGLAHQN",10,0,18,1,39,58,0,0,0,1,"Mode",0.00556545753996861,0.17420612584448,NA,NA
"36","pep11","DR_9",11,"FGTPGVGLRPYVSAGLAHQN",11,0,18,2,38,58,0,0,0,1,"Mode",0.0147298685533102,0.375130122941666,NA,1
"37","pep12","DQ_2",12,"YVSAGLAHQNITNINSDSQG",1,6,13,14,25,58,0,0.915789473684,0.824175824176,1,"Mode",0.01308924152826,1.04756475020965,NA,NA
"38","pep12","DQ_5",12,"YVSAGLAHQNITNINSDSQG",2,7,12,17,22,58,0,0.890350877193,0.754901960784,0.777879766606,"Mode",0.00152149966022395,1.60671049809315,NA,NA
"39","pep12","DQ_6",12,"YVSAGLAHQNITNINSDSQG",3,10,9,21,18,58,0,0.984719864177,0.952380952381,1,"Mode",0.00429509935689994,1.39846072459718,NA,NA
"40","pep12","DQ_7",12,"YVSAGLAHQNITNINSDSQG",4,4,15,11,28,58,0,0.814035087719,0.678787878788,0.751536303879,"Mode",0.00311607921278941,1.14750041213316,NA,NA
"41","pep12","DQ_8",12,"YVSAGLAHQNITNINSDSQG",5,7,12,7,32,58,0,1.52631578947,2.66666666667,0.189420587063,"Mode",0.216282725888711,0.493611026016803,NA,NA
"42","pep12","DQ_9",12,"YVSAGLAHQNITNINSDSQG",6,0,19,5,34,58,0,0,0,0.16118077325,"Mode",0.00335010826045937,0.903912943993698,NA,NA
"43","pep12","DR_1",12,"YVSAGLAHQNITNINSDSQG",7,4,15,13,26,58,0,0.71826625387,0.533333333333,0.377452484741,"Mode",0.00457168805850573,1.34826605029441,0,0
"44","pep12","DR_10",12,"YVSAGLAHQNITNINSDSQG",12,1,18,0,39,58,0,3.05263157895,Inf,0.327586206897,"Mode",0.801791229248538,0.0186514482271245,NA,NA
"45","pep12","DR_11",12,"YVSAGLAHQNITNINSDSQG",13,2,17,5,34,58,0,0.872180451128,0.8,1,"Mode",0.00402905336918297,0.675829784345778,NA,0
"46","pep12","DR_12",12,"YVSAGLAHQNITNINSDSQG",14,1,18,1,38,58,0,1.52631578947,2.11111111111,1,"Mode",0.273785870564414,0.0962117562913466,NA,NA
"47","pep12","DR_13",12,"YVSAGLAHQNITNINSDSQG",15,1,18,7,32,58,0,0.381578947368,0.253968253968,0.251552611344,"Mode",0.00424635192756064,1.03024277783031,NA,0
"48","pep12","DR_14",12,"YVSAGLAHQNITNINSDSQG",16,2,17,5,34,58,0,0.872180451128,0.8,1,"Mode",0.0355165773374091,0.746332441239684,NA,NA
"49","pep12","DR_15",12,"YVSAGLAHQNITNINSDSQG",17,8,11,15,24,58,0,1.06178489703,1.16363636364,1,"Mode",0.081368824948778,0.989108700216979,0,0
"50","pep12","DR_17",12,"YVSAGLAHQNITNINSDSQG",18,5,14,7,32,58,0,1.27192982456,1.63265306122,0.50233863725,"Mode",0.15676350429117,0.557355589700452,NA,NA
"51","pep12","DR_4",12,"YVSAGLAHQNITNINSDSQG",8,9,10,12,27,58,0,1.30827067669,2.025,0.253701228594,"Mode",0.00150740403054573,0.885955596385144,0,0
"52","pep12","DR_7",12,"YVSAGLAHQNITNINSDSQG",9,2,17,10,29,58,0,0.508771929825,0.341176470588,0.301788535844,"Mode",0.00943663916523831,1.22539278559463,NA,0
"53","pep12","DR_8",12,"YVSAGLAHQNITNINSDSQG",10,1,18,0,39,58,0,3.05263157895,Inf,0.327586206897,"Mode",0.949664194887037,0.0892184106354384,NA,NA
"54","pep12","DR_9",12,"YVSAGLAHQNITNINSDSQG",11,0,19,2,37,58,0,0,0,1,"Mode",0.0340597274025362,0.38075227078559,NA,0
"55","pep13","DQ_2",13,"ITNINSDSQGRQQMTMANIG",1,8,18,12,20,58,0,0.892307692308,0.740740740741,0.781760631892,"Mode",0.00675110158444943,1.06710385797958,NA,NA
"56","pep13","DQ_5",13,"ITNINSDSQGRQQMTMANIG",2,10,16,14,18,58,0,0.929487179487,0.803571428571,0.790849361895,"Mode",0.0117333630855783,1.20618764907858,NA,NA
"57","pep13","DQ_6",13,"ITNINSDSQGRQQMTMANIG",3,13,13,18,14,58,0,0.935483870968,0.777777777778,0.791881683668,"Mode",0.00305781857273377,1.11946440193132,NA,NA
"58","pep13","DQ_7",13,"ITNINSDSQGRQQMTMANIG",4,8,18,7,25,58,0,1.18974358974,1.5873015873,0.55040563839,"Mode",0.112837024920059,0.578577812123003,NA,NA
"59","pep13","DQ_8",13,"ITNINSDSQGRQQMTMANIG",5,6,20,8,24,58,0,0.956043956044,0.9,1,"Mode",0.0525091513731239,0.732263554669588,NA,NA
"60","pep13","DQ_9",13,"ITNINSDSQGRQQMTMANIG",6,2,24,3,29,58,0,0.892307692308,0.805555555556,1,"Mode",0.0682883022090025,0.388782712850173,NA,NA
"61","pep13","DR_1",13,"ITNINSDSQGRQQMTMANIG",7,8,18,9,23,58,0,1.04977375566,1.13580246914,1,"Mode",0.192523978345352,0.633340545291807,0,0
"62","pep13","DR_10",13,"ITNINSDSQGRQQMTMANIG",12,0,26,1,31,58,0,0,0,1,"Mode",0.0119010521290223,0.220138826929432,NA,NA
"63","pep13","DR_11",13,"ITNINSDSQGRQQMTMANIG",13,4,22,3,29,58,0,1.27472527473,1.75757575758,0.689045369284,"Mode",0.21161358537654,0.309931615192385,NA,0
"64","pep13","DR_12",13,"ITNINSDSQGRQQMTMANIG",14,1,25,1,31,58,0,1.11538461538,1.24,1,"Mode",0.0529324454724954,0.120246586042852,NA,NA
"65","pep13","DR_13",13,"ITNINSDSQGRQQMTMANIG",15,2,24,6,26,58,0,0.557692307692,0.361111111111,0.276163216613,"Mode",0.0224734549423386,0.88305775555194,NA,0
"66","pep13","DR_14",13,"ITNINSDSQGRQQMTMANIG",16,2,24,5,27,58,0,0.637362637363,0.45,0.442426179405,"Mode",0.0104853728919444,0.688560043904132,NA,NA
"67","pep13","DR_15",13,"ITNINSDSQGRQQMTMANIG",17,11,15,12,20,58,0,1.06688963211,1.22222222222,0.790304698775,"Mode",0.131106872492341,0.729664818455584,0,0
"68","pep13","DR_17",13,"ITNINSDSQGRQQMTMANIG",18,7,19,5,27,58,0,1.30128205128,1.98947368421,0.341454801194,"Mode",0.333264996729455,0.348574575071989,NA,NA
"69","pep13","DR_4",13,"ITNINSDSQGRQQMTMANIG",8,10,16,11,21,58,0,1.06227106227,1.19318181818,0.788939558474,"Mode",0.0882526624368683,0.765683565448382,0,0
"70","pep13","DR_7",13,"ITNINSDSQGRQQMTMANIG",9,3,23,9,23,58,0,0.557692307692,0.333333333333,0.192917116983,"Mode",0.00518652529042786,1.13301204034333,NA,0
"71","pep13","DR_8",13,"ITNINSDSQGRQQMTMANIG",10,0,26,1,31,58,0,0,0,1,"Mode",0.0172568453301498,0.168349311899258,NA,NA
"72","pep13","DR_9",13,"ITNINSDSQGRQQMTMANIG",11,1,25,1,31,58,0,1.11538461538,1.24,1,"Mode",0.0604763793603133,0.107320359564043,NA,0
"73","pep14","DQ_2",14,"RQQMTMANIGAGLKYYFTEN",1,4,13,16,25,58,0,0.682352941176,0.480769230769,0.365909289021,"Mode",0.00732480371966523,1.3679632598315,NA,NA
"74","pep14","DQ_5",14,"RQQMTMANIGAGLKYYFTEN",2,8,9,16,25,58,0,1.13725490196,1.38888888889,0.770264361288,"Mode",0.00292841683596007,1.48405476668331,NA,NA
"75","pep14","DQ_6",14,"RQQMTMANIGAGLKYYFTEN",3,8,9,23,18,58,0,0.88045540797,0.695652173913,0.574064839903,"Mode",0.00210032882887903,1.54022058953243,NA,NA
"76","pep14","DQ_7",14,"RQQMTMANIGAGLKYYFTEN",4,5,12,10,31,58,0,1.13725490196,1.29166666667,0.747265352519,"Mode",0.0175361055218784,0.965595141659685,NA,NA
"77","pep14","DQ_8",14,"RQQMTMANIGAGLKYYFTEN",5,4,13,10,31,58,0,0.974789915966,0.953846153846,1,"Mode",0.0966430365697625,0.83982308635444,NA,NA
"78","pep14","DQ_9",14,"RQQMTMANIGAGLKYYFTEN",6,0,17,5,36,58,0,0,0,0.307885265236,"Mode",0.00790227344102312,0.957498317705255,NA,NA
"79","pep14","DR_1",14,"RQQMTMANIGAGLKYYFTEN",7,4,13,13,28,58,0,0.80276816609,0.662721893491,0.752583135799,"Mode",0.00297956336033135,1.37861408240691,0,1
"80","pep14","DR_10",14,"RQQMTMANIGAGLKYYFTEN",12,0,17,1,40,58,0,0,0,1,"Mode",0.0208766558931132,0.190628206785299,NA,NA
"81","pep14","DR_11",14,"RQQMTMANIGAGLKYYFTEN",13,2,15,5,36,58,0,0.974789915966,0.96,1,"Mode",0.0457141302201803,0.654914603942238,NA,0
"82","pep14","DR_12",14,"RQQMTMANIGAGLKYYFTEN",14,1,16,1,40,58,0,1.70588235294,2.5,0.503932244404,"Mode",0.463184998910639,0.0712428109445099,NA,NA
"83","pep14","DR_13",14,"RQQMTMANIGAGLKYYFTEN",15,2,15,6,35,58,0,0.852941176471,0.777777777778,1,"Mode",0.000454657409273304,0.851927647331803,NA,1
"84","pep14","DR_14",14,"RQQMTMANIGAGLKYYFTEN",16,5,12,2,39,58,0,2.43697478992,8.125,0.0186282231278,"Mode",0.52596774689329,0.223058380023652,NA,NA
"85","pep14","DR_15",14,"RQQMTMANIGAGLKYYFTEN",17,5,12,18,23,58,0,0.74168797954,0.532407407407,0.383730132797,"Mode",0.0273586400828261,1.34668907852785,0,1
"86","pep14","DR_17",14,"RQQMTMANIGAGLKYYFTEN",18,3,14,9,32,58,0,0.852941176471,0.761904761905,1,"Mode",0.0217349044072005,0.904607065912752,NA,NA
"87","pep14","DR_4",14,"RQQMTMANIGAGLKYYFTEN",8,7,10,14,27,58,0,1.13725490196,1.35,0.765145013823,"Mode",0.0384769948726266,1.02589063850159,1,0
"88","pep14","DR_7",14,"RQQMTMANIGAGLKYYFTEN",9,2,15,10,31,58,0,0.56862745098,0.413333333333,0.477863682468,"Mode",0.00928186893596797,1.21709893863395,NA,1
"89","pep14","DR_8",14,"RQQMTMANIGAGLKYYFTEN",10,1,16,0,41,58,0,3.41176470588,Inf,0.293103448276,"Mode",0.949185621238604,0.0195530579133789,NA,NA
"90","pep14","DR_9",14,"RQQMTMANIGAGLKYYFTEN",11,0,17,2,39,58,0,0,0,1,"Mode",0.00503156633179067,0.429608005609148,NA,1
"91","pep15","DQ_2",15,"AGLKYYFTENFFAKASLDGQ",1,4,12,16,26,58,0,0.725,0.541666666667,0.537526455791,"Mode",0.00434253762464646,1.50506893418062,NA,NA
"92","pep15","DQ_5",15,"AGLKYYFTENFFAKASLDGQ",2,8,8,16,26,58,0,1.20833333333,1.625,0.552240735529,"Mode",0.0103083430543289,1.34488695537017,NA,NA
"93","pep15","DQ_6",15,"AGLKYYFTENFFAKASLDGQ",3,7,9,24,18,58,0,0.818548387097,0.583333333333,0.392885368473,"Mode",0.0013205857170313,1.87888952972702,NA,NA
"94","pep15","DQ_7",15,"AGLKYYFTENFFAKASLDGQ",4,5,11,10,32,58,0,1.20833333333,1.45454545455,0.738153477183,"Mode",0.0435521910883549,0.824853095593172,NA,NA
"95","pep15","DQ_8",15,"AGLKYYFTENFFAKASLDGQ",5,3,13,11,31,58,0,0.776785714286,0.65034965035,0.735971422826,"Mode",0.0265347771032269,1.17849773458182,NA,NA
"96","pep15","DQ_9",15,"AGLKYYFTENFFAKASLDGQ",6,3,13,2,40,58,0,2.175,4.61538461538,0.122862013969,"Mode",0.544522413368589,0.137354147814392,NA,NA
"97","pep15","DR_1",15,"AGLKYYFTENFFAKASLDGQ",7,4,12,13,29,58,0,0.852941176471,0.74358974359,0.755493922437,"Mode",0.00151170146737323,1.23543826641603,0,1
"98","pep15","DR_10",15,"AGLKYYFTENFFAKASLDGQ",12,1,15,0,42,58,0,3.625,Inf,0.275862068966,"Mode",0.934153989135578,0.0403834005119077,NA,NA
"99","pep15","DR_11",15,"AGLKYYFTENFFAKASLDGQ",13,2,14,5,37,58,0,1.03571428571,1.05714285714,1,"Mode",0.0319647734540206,0.680728981530169,NA,1
"100","pep15","DR_12",15,"AGLKYYFTENFFAKASLDGQ",14,1,15,1,41,58,0,1.8125,2.73333333333,0.479128856624,"Mode",0.315007977799762,0.132978649756477,NA,NA
"101","pep15","DR_13",15,"AGLKYYFTENFFAKASLDGQ",15,3,13,5,37,58,0,1.359375,1.70769230769,0.671590565999,"Mode",0.0779348519562871,0.59544090195314,NA,0
"102","pep15","DR_14",15,"AGLKYYFTENFFAKASLDGQ",16,3,13,4,38,58,0,1.55357142857,2.19230769231,0.381347633787,"Mode",0.191774828337331,0.432748491817725,NA,NA
"103","pep15","DR_15",15,"AGLKYYFTENFFAKASLDGQ",17,3,13,20,22,58,0,0.472826086957,0.253846153846,0.0707229861115,"Mode",0.00211823579349014,1.88039659692698,0,1
"104","pep15","DR_17",15,"AGLKYYFTENFFAKASLDGQ",18,3,13,9,33,58,0,0.90625,0.846153846154,1,"Mode",0.00966631335373692,1.01252186003255,NA,NA
"105","pep15","DR_4",15,"AGLKYYFTENFFAKASLDGQ",8,6,10,15,27,58,0,1.03571428571,1.08,1,"Mode",0.0117977972240711,1.23384406693827,1,1
"106","pep15","DR_7",15,"AGLKYYFTENFFAKASLDGQ",9,3,13,9,33,58,0,0.90625,0.846153846154,1,"Mode",0.0028177930137126,1.08016409357423,NA,0
"107","pep15","DR_8",15,"AGLKYYFTENFFAKASLDGQ",10,1,15,0,42,58,0,3.625,Inf,0.275862068966,"Mode",0.950596978691793,0.0604649781606064,NA,NA
"108","pep15","DR_9",15,"AGLKYYFTENFFAKASLDGQ",11,1,15,1,41,58,0,1.8125,2.73333333333,0.479128856624,"Mode",0.0536352153966783,0.170465829437241,NA,1
"109","pep16","DQ_2",16,"FFAKASLDGQYGLEKRDNGH",1,4,8,16,30,58,0,0.966666666667,0.9375,1,"Mode",0.0104225650346815,1.32921021001704,NA,NA
"110","pep16","DQ_5",16,"FFAKASLDGQYGLEKRDNGH",2,4,8,20,26,58,0,0.805555555556,0.65,0.7436011051,"Mode",0.00380206322371654,1.89098872392787,NA,NA
"111","pep16","DQ_6",16,"FFAKASLDGQYGLEKRDNGH",3,7,5,24,22,58,0,1.09139784946,1.28333333333,0.755609091447,"Mode",0.00176281748409997,1.74435838109864,NA,NA
"112","pep16","DQ_7",16,"FFAKASLDGQYGLEKRDNGH",4,2,10,13,33,58,0,0.644444444444,0.507692307692,0.712283015339,"Mode",0.000705964056067441,1.52721722140317,NA,NA
"113","pep16","DQ_8",16,"FFAKASLDGQYGLEKRDNGH",5,5,7,9,37,58,0,1.72619047619,2.93650793651,0.13811373606,"Mode",0.0984133967564465,0.757397815125477,NA,NA
"114","pep16","DQ_9",16,"FFAKASLDGQYGLEKRDNGH",6,0,12,5,41,58,0,0,0,0.572638492784,"Mode",0.00834287056602324,0.880925388307077,NA,NA
"115","pep16","DR_1",16,"FFAKASLDGQYGLEKRDNGH",7,1,11,16,30,58,0,0.28431372549,0.170454545455,0.0884971306038,"Mode",0.00293836600752548,1.7623990493982,0,0
"116","pep16","DR_10",16,"FFAKASLDGQYGLEKRDNGH",12,1,11,0,46,58,0,4.83333333333,Inf,0.206896551724,"Mode",0.864803420065301,0.0295466083908873,NA,NA
"117","pep16","DR_11",16,"FFAKASLDGQYGLEKRDNGH",13,0,12,7,39,58,0,0,0,0.325277434616,"Mode",0.00312674242615056,1.22106226483044,NA,0
"118","pep16","DR_12",16,"FFAKASLDGQYGLEKRDNGH",14,0,12,2,44,58,0,0,0,1,"Mode",0.0391084877061857,0.378568208060595,NA,NA
"119","pep16","DR_13",16,"FFAKASLDGQYGLEKRDNGH",15,1,11,7,39,58,0,0.604166666667,0.506493506494,1,"Mode",0.00376968294397278,1.03389275885557,NA,0
"120","pep16","DR_14",16,"FFAKASLDGQYGLEKRDNGH",16,2,10,5,41,58,0,1.38095238095,1.64,0.626167227287,"Mode",0.102428724496555,0.585460631716119,NA,NA
"121","pep16","DR_15",16,"FFAKASLDGQYGLEKRDNGH",17,6,6,17,29,58,0,1.26086956522,1.70588235294,0.512575017509,"Mode",0.00889748844876817,1.3029316537056,0,0
"122","pep16","DR_17",16,"FFAKASLDGQYGLEKRDNGH",18,4,8,8,38,58,0,1.61111111111,2.375,0.247017221041,"Mode",0.124185634946776,0.668290611667598,NA,NA
"123","pep16","DR_4",16,"FFAKASLDGQYGLEKRDNGH",8,7,5,14,32,58,0,1.61111111111,3.2,0.0969561706455,"Mode",0.0828761433123122,0.999030467050446,0,0
"124","pep16","DR_7",16,"FFAKASLDGQYGLEKRDNGH",9,1,11,11,35,58,0,0.402777777778,0.289256198347,0.426530939069,"Mode",0.0102756715789214,1.4172285553076,NA,0
"125","pep16","DR_8",16,"FFAKASLDGQYGLEKRDNGH",10,0,12,1,45,58,0,0,0,1,"Mode",0.0185647358199073,0.169813417979317,NA,NA
"126","pep16","DR_9",16,"FFAKASLDGQYGLEKRDNGH",11,0,12,2,44,58,0,0,0,1,"Mode",0.0248000830229761,0.340154781122836,NA,0
"127","pep17","DQ_2",17,"YGLEKRDNGHQGEWMAGLGV",1,0,12,20,26,58,0,0,0,0.00477775568654,"Mode",0.00123613409397554,2.11647304764395,NA,NA
"128","pep17","DQ_5",17,"YGLEKRDNGHQGEWMAGLGV",2,4,8,20,26,58,0,0.805555555556,0.65,0.7436011051,"Mode",0.00899742726057251,1.69744504675633,NA,NA
"129","pep17","DQ_6",17,"YGLEKRDNGHQGEWMAGLGV",3,6,6,25,21,58,0,0.935483870968,0.84,1,"Mode",0.0120053098411976,1.66177034856818,NA,NA
"130","pep17","DQ_7",17,"YGLEKRDNGHQGEWMAGLGV",4,4,8,11,35,58,0,1.28888888889,1.59090909091,0.486535842759,"Mode",0.0106489683801549,1.05464036816772,NA,NA
"131","pep17","DQ_8",17,"YGLEKRDNGHQGEWMAGLGV",5,4,8,10,36,58,0,1.38095238095,1.8,0.457447971783,"Mode",0.102305094962811,0.98010086494648,NA,NA
"132","pep17","DQ_9",17,"YGLEKRDNGHQGEWMAGLGV",6,2,10,3,43,58,0,1.93333333333,2.86666666667,0.273485437732,"Mode",0.0206716264964462,0.411620079743109,NA,NA
"133","pep17","DR_1",17,"YGLEKRDNGHQGEWMAGLGV",7,2,10,15,31,58,0,0.56862745098,0.413333333333,0.477863682468,"Mode",0.00409268439518753,1.47757930068719,0,0
"134","pep17","DR_10",17,"YGLEKRDNGHQGEWMAGLGV",12,1,11,0,46,58,0,4.83333333333,Inf,0.206896551724,"Mode",0.96565685872261,0.084475965717663,NA,NA
"135","pep17","DR_11",17,"YGLEKRDNGHQGEWMAGLGV",13,2,10,5,41,58,0,1.38095238095,1.64,0.626167227287,"Mode",0.0112001242022687,0.693949581281387,NA,0
"136","pep17","DR_12",17,"YGLEKRDNGHQGEWMAGLGV",14,1,11,1,45,58,0,2.41666666667,4.09090909091,0.37386569873,"Mode",0.261751168639171,0.0903616243766141,NA,NA
"137","pep17","DR_13",17,"YGLEKRDNGHQGEWMAGLGV",15,3,9,5,41,58,0,1.8125,2.73333333333,0.342389408225,"Mode",0.0516833726677618,0.538582962786972,NA,0
"138","pep17","DR_14",17,"YGLEKRDNGHQGEWMAGLGV",16,1,11,6,40,58,0,0.690476190476,0.606060606061,1,"Mode",0.00947851559860525,0.775396453157929,NA,NA
"139","pep17","DR_15",17,"YGLEKRDNGHQGEWMAGLGV",17,3,9,20,26,58,0,0.630434782609,0.433333333333,0.328840895625,"Mode",0.014332223816584,1.59806231114368,0,0
"140","pep17","DR_17",17,"YGLEKRDNGHQGEWMAGLGV",18,0,12,12,34,58,0,0,0,0.0546486492179,"Mode",0.00478733233851276,1.60478678161644,NA,NA
"141","pep17","DR_4",17,"YGLEKRDNGHQGEWMAGLGV",8,6,6,15,31,58,0,1.38095238095,2.06666666667,0.320439655768,"Mode",0.0136160830634039,1.20872681555744,0,0
"142","pep17","DR_7",17,"YGLEKRDNGHQGEWMAGLGV",9,1,11,11,35,58,0,0.402777777778,0.289256198347,0.426530939069,"Mode",0.00290172814694642,1.46781979670958,NA,0
"143","pep17","DR_8",17,"YGLEKRDNGHQGEWMAGLGV",10,0,12,1,45,58,0,0,0,1,"Mode",0.0613752988576281,0.146681386139649,NA,NA
"144","pep17","DR_9",17,"YGLEKRDNGHQGEWMAGLGV",11,1,11,1,45,58,0,2.41666666667,4.09090909091,0.37386569873,"Mode",0.137001900728358,0.0905035199268269,NA,0
"145","pep18","DQ_2",18,"QGEWMAGLGVGFNFGGSKAA",1,6,8,14,30,58,0,1.24285714286,1.60714285714,0.525016694879,"Mode",0.0171687272425459,1.08846235702136,NA,NA
"146","pep18","DQ_5",18,"QGEWMAGLGVGFNFGGSKAA",2,7,7,17,27,58,0,1.20833333333,1.58823529412,0.539271623458,"Mode",0.00222971346887196,1.45840653939841,NA,NA
"147","pep18","DQ_6",18,"QGEWMAGLGVGFNFGGSKAA",3,4,10,27,17,58,0,0.534562211982,0.251851851852,0.0626851978933,"Mode",0.00156296962345386,2.03352673100756,NA,NA
"148","pep18","DQ_7",18,"QGEWMAGLGVGFNFGGSKAA",4,3,11,12,32,58,0,0.828571428571,0.727272727273,1,"Mode",0.0010156123445241,1.29701565125488,NA,NA
"149","pep18","DQ_8",18,"QGEWMAGLGVGFNFGGSKAA",5,4,10,10,34,58,0,1.18367346939,1.36,0.724770210461,"Mode",0.0803069880419502,0.911594319492559,NA,NA
"150","pep18","DQ_9",18,"QGEWMAGLGVGFNFGGSKAA",6,1,13,4,40,58,0,0.828571428571,0.769230769231,1,"Mode",0.00486002630974267,0.729187208336363,NA,NA
"151","pep18","DR_1",18,"QGEWMAGLGVGFNFGGSKAA",7,5,9,12,32,58,0,1.21848739496,1.48148148148,0.736938560471,"Mode",0.0145464385524607,1.05409593923829,0,1
"152","pep18","DR_10",18,"QGEWMAGLGVGFNFGGSKAA",12,1,13,0,44,58,0,4.14285714286,Inf,0.241379310345,"Mode",0.922566895700229,0.0811031966822104,NA,NA
"153","pep18","DR_11",18,"QGEWMAGLGVGFNFGGSKAA",13,3,11,4,40,58,0,1.77551020408,2.72727272727,0.342632225761,"Mode",0.257498997659908,0.42431344689741,NA,0
"154","pep18","DR_12",18,"QGEWMAGLGVGFNFGGSKAA",14,0,14,2,42,58,0,0,0,1,"Mode",0.0260223203700055,0.357037788438622,NA,NA
"155","pep18","DR_13",18,"QGEWMAGLGVGFNFGGSKAA",15,1,13,7,37,58,0,0.517857142857,0.406593406593,0.66487133078,"Mode",0.000277251156441277,1.05774383677899,NA,0
"156","pep18","DR_14",18,"QGEWMAGLGVGFNFGGSKAA",16,1,13,6,38,58,0,0.591836734694,0.487179487179,1,"Mode",0.0174407080765471,0.866286111819051,NA,NA
"157","pep18","DR_15",18,"QGEWMAGLGVGFNFGGSKAA",17,3,11,20,24,58,0,0.540372670807,0.327272727273,0.130256417124,"Mode",0.00224674005433736,1.75915523270109,0,0
"158","pep18","DR_17",18,"QGEWMAGLGVGFNFGGSKAA",18,4,10,8,36,58,0,1.38095238095,1.8,0.457447971783,"Mode",0.0396770799606638,0.779824434649233,NA,NA
"159","pep18","DR_4",18,"QGEWMAGLGVGFNFGGSKAA",8,5,9,16,28,58,0,0.986394557823,0.972222222222,1,"Mode",0.000599747579593082,1.3782562692283,0,0
"160","pep18","DR_7",18,"QGEWMAGLGVGFNFGGSKAA",9,3,11,9,35,58,0,1.03571428571,1.06060606061,1,"Mode",0.00744286183065818,0.993752051067723,NA,0
"161","pep18","DR_8",18,"QGEWMAGLGVGFNFGGSKAA",10,0,14,1,43,58,0,0,0,1,"Mode",0.0239333362243312,0.213018854630573,NA,NA
"162","pep18","DR_9",18,"QGEWMAGLGVGFNFGGSKAA",11,1,13,1,43,58,0,2.07142857143,3.30769230769,0.427707199032,"Mode",0.0253306683729068,0.147504787311715,NA,1
"163","pep19","DQ_2",19,"GFNFGGSKAAPAPEPVADVC",1,6,14,14,24,58,0,0.87,0.734693877551,0.77276159204,"Mode",0.00884019704616801,1.18897469351097,NA,NA
"164","pep19","DQ_5",19,"GFNFGGSKAAPAPEPVADVC",2,8,12,16,22,58,0,0.966666666667,0.916666666667,1,"Mode",0.0192292675266223,1.36197418378242,NA,NA
"165","pep19","DQ_6",19,"GFNFGGSKAAPAPEPVADVC",3,10,10,21,17,58,0,0.935483870968,0.809523809524,0.785170622018,"Mode",0.0138381815645628,1.42404081124988,NA,NA
"166","pep19","DQ_7",19,"GFNFGGSKAAPAPEPVADVC",4,5,15,10,28,58,0,0.966666666667,0.933333333333,1,"Mode",0.0168688499297277,0.942357931088416,NA,NA
"167","pep19","DQ_8",19,"GFNFGGSKAAPAPEPVADVC",5,5,15,9,29,58,0,1.03571428571,1.07407407407,1,"Mode",0.0523314518704794,0.828169734835084,NA,NA
"168","pep19","DQ_9",19,"GFNFGGSKAAPAPEPVADVC",6,3,17,2,36,58,0,1.74,3.17647058824,0.328009155595,"Mode",0.248994133704493,0.213390351156897,NA,NA
"169","pep19","DR_1",19,"GFNFGGSKAAPAPEPVADVC",7,5,15,12,26,58,0,0.852941176471,0.722222222222,0.763902394848,"Mode",0.00157410858705042,1.10846213941225,0,0
"170","pep19","DR_10",19,"GFNFGGSKAAPAPEPVADVC",12,1,19,0,38,58,0,2.9,Inf,0.344827586207,"Mode",0.976711589001047,0.0311749918459093,NA,NA
"171","pep19","DR_11",19,"GFNFGGSKAAPAPEPVADVC",13,2,18,5,33,58,0,0.828571428571,0.733333333333,1,"Mode",0.0234566757652224,0.716280845217201,NA,0
"172","pep19","DR_12",19,"GFNFGGSKAAPAPEPVADVC",14,1,19,1,37,58,0,1.45,1.94736842105,1,"Mode",0.145063681073413,0.0886853514523743,NA,NA
"173","pep19","DR_13",19,"GFNFGGSKAAPAPEPVADVC",15,4,16,4,34,58,0,1.45,2.125,0.427825120733,"Mode",0.209332962510821,0.330626787102671,NA,0
"174","pep19","DR_14",19,"GFNFGGSKAAPAPEPVADVC",16,2,18,5,33,58,0,0.828571428571,0.733333333333,1,"Mode",0.0163408143962696,0.676119290195267,NA,NA
"175","pep19","DR_15",19,"GFNFGGSKAAPAPEPVADVC",17,6,14,17,21,58,0,0.75652173913,0.529411764706,0.398008571926,"Mode",0.00140854469951889,1.39153976403996,0,0
"176","pep19","DR_17",19,"GFNFGGSKAAPAPEPVADVC",18,5,15,7,31,58,0,1.20833333333,1.47619047619,0.734313968222,"Mode",0.102906742954784,0.609841402661608,NA,NA
"177","pep19","DR_4",19,"GFNFGGSKAAPAPEPVADVC",8,8,12,13,25,58,0,1.10476190476,1.28205128205,0.775751571092,"Mode",0.0522433757507294,0.950271044949134,0,0
"178","pep19","DR_7",19,"GFNFGGSKAAPAPEPVADVC",9,4,16,8,30,58,0,0.966666666667,0.9375,1,"Mode",0.0170185505314834,0.877361626160577,NA,0
"179","pep19","DR_8",19,"GFNFGGSKAAPAPEPVADVC",10,0,20,1,37,58,0,0,0,1,"Mode",0.0155507353308031,0.134942165253288,NA,NA
"180","pep19","DR_9",19,"GFNFGGSKAAPAPEPVADVC",11,1,19,1,37,58,0,1.45,1.94736842105,1,"Mode",0.0868787803161611,0.0942217534559209,NA,0
"181","pep1","DQ_2",1,"MKLKNTLGVVIGSLVAASAM",1,1,1,19,37,58,0,1.45,1.94736842105,1,"Mode",0.00380510357094974,1.92244748909812,NA,NA
"182","pep1","DQ_5",1,"MKLKNTLGVVIGSLVAASAM",2,0,2,24,32,58,0,0,0,0.506352087114,"Mode",0.000706171942144071,2.31261878491428,NA,NA
"183","pep1","DQ_6",1,"MKLKNTLGVVIGSLVAASAM",3,1,1,30,26,58,0,0.935483870968,0.866666666667,1,"Mode",0.00125647315753038,2.37097973449395,NA,NA
"184","pep1","DQ_7",1,"MKLKNTLGVVIGSLVAASAM",4,0,2,15,41,58,0,0,0,1,"Mode",0.00328470798206954,1.86136406574388,NA,NA
"185","pep1","DQ_8",1,"MKLKNTLGVVIGSLVAASAM",5,1,1,13,43,58,0,2.07142857143,3.30769230769,0.427707199032,"Mode",0.0180818868307331,1.26473303255724,NA,NA
"186","pep1","DQ_9",1,"MKLKNTLGVVIGSLVAASAM",6,0,2,5,51,58,0,0,0,1,"Mode",0.0041580666180757,0.913184143498338,NA,NA
"187","pep1","DR_1",1,"MKLKNTLGVVIGSLVAASAM",7,0,2,17,39,58,0,0,0,1,"Mode",0.0010025215697985,1.92683860835101,0,1
"188","pep1","DR_10",1,"MKLKNTLGVVIGSLVAASAM",12,0,2,1,55,58,0,0,0,1,"Mode",0.233616733945854,0.28421594843138,NA,NA
"189","pep1","DR_11",1,"MKLKNTLGVVIGSLVAASAM",13,0,2,7,49,58,0,0,0,1,"Mode",0.00660606788741024,1.23031611262199,NA,1
"190","pep1","DR_12",1,"MKLKNTLGVVIGSLVAASAM",14,0,2,2,54,58,0,0,0,1,"Mode",0.0073098408392535,0.396252552966163,NA,NA
"191","pep1","DR_13",1,"MKLKNTLGVVIGSLVAASAM",15,1,1,7,49,58,0,3.625,7,0.258923169994,"Mode",0.00556510844476445,0.977881164726712,NA,0
"192","pep1","DR_14",1,"MKLKNTLGVVIGSLVAASAM",16,0,2,7,49,58,0,0,0,1,"Mode",0.00660623551897068,1.25608449362032,NA,NA
"193","pep1","DR_15",1,"MKLKNTLGVVIGSLVAASAM",17,0,2,23,33,58,0,0,0,0.513006654567,"Mode",0.000178310868455993,2.19837648187835,0,1
"194","pep1","DR_17",1,"MKLKNTLGVVIGSLVAASAM",18,1,1,11,45,58,0,2.41666666667,4.09090909091,0.37386569873,"Mode",0.00264439729127745,1.18370451576522,NA,NA
"195","pep1","DR_4",1,"MKLKNTLGVVIGSLVAASAM",8,1,1,20,36,58,0,1.38095238095,1.8,1,"Mode",0.00204632544919252,1.84029415097766,0,1
"196","pep1","DR_7",1,"MKLKNTLGVVIGSLVAASAM",9,0,2,12,44,58,0,0,0,1,"Mode",0.0025974086038009,1.63110329653254,NA,1
"197","pep1","DR_8",1,"MKLKNTLGVVIGSLVAASAM",10,0,2,1,55,58,0,0,0,1,"Mode",0.0332129054436266,0.294932345686053,NA,NA
"198","pep1","DR_9",1,"MKLKNTLGVVIGSLVAASAM",11,0,2,2,54,58,0,0,0,1,"Mode",0.0118538340064113,0.488469351471261,NA,1
"199","pep20","DQ_2",20,"PAPEPVADVCSDSDNDGVCD",1,3,9,17,29,58,0,0.725,0.56862745098,0.514908729076,"Mode",0.000525428860193038,1.71130640514807,NA,NA
"200","pep20","DQ_5",20,"PAPEPVADVCSDSDNDGVCD",2,7,5,17,29,58,0,1.40972222222,2.38823529412,0.205239735006,"Mode",0.00762107408289553,1.33666809483862,NA,NA
"201","pep20","DQ_6",20,"PAPEPVADVCSDSDNDGVCD",3,4,8,27,19,58,0,0.623655913978,0.351851851852,0.193126797508,"Mode",0.00216463140167355,2.0529837508022,NA,NA
"202","pep20","DQ_7",20,"PAPEPVADVCSDSDNDGVCD",4,2,10,13,33,58,0,0.644444444444,0.507692307692,0.712283015339,"Mode",0.00747066747039379,1.53948278667847,NA,NA
"203","pep20","DQ_8",20,"PAPEPVADVCSDSDNDGVCD",5,4,8,10,36,58,0,1.38095238095,1.8,0.457447971783,"Mode",0.0854872756364684,0.888044294945659,NA,NA
"204","pep20","DQ_9",20,"PAPEPVADVCSDSDNDGVCD",6,2,10,3,43,58,0,1.93333333333,2.86666666667,0.273485437732,"Mode",0.0707050805250663,0.383294823547179,NA,NA
"205","pep20","DR_1",20,"PAPEPVADVCSDSDNDGVCD",7,5,7,12,34,58,0,1.42156862745,2.02380952381,0.306894395239,"Mode",0.12548757555123,0.901370354730729,0,0
"206","pep20","DR_10",20,"PAPEPVADVCSDSDNDGVCD",12,1,11,0,46,58,0,4.83333333333,Inf,0.206896551724,"Mode",0.968766529078148,0.0640712476334803,NA,NA
"207","pep20","DR_11",20,"PAPEPVADVCSDSDNDGVCD",13,1,11,6,40,58,0,0.690476190476,0.606060606061,1,"Mode",0.00661555719148988,0.868563505606815,NA,0
"208","pep20","DR_12",20,"PAPEPVADVCSDSDNDGVCD",14,1,11,1,45,58,0,2.41666666667,4.09090909091,0.37386569873,"Mode",0.385984677342125,0.0857543850279283,NA,NA
"209","pep20","DR_13",20,"PAPEPVADVCSDSDNDGVCD",15,1,11,7,39,58,0,0.604166666667,0.506493506494,1,"Mode",0.0065138222639699,1.01684347047808,NA,0
"210","pep20","DR_14",20,"PAPEPVADVCSDSDNDGVCD",16,1,11,6,40,58,0,0.690476190476,0.606060606061,1,"Mode",0.0220254611859278,0.843389713474063,NA,NA
"211","pep20","DR_15",20,"PAPEPVADVCSDSDNDGVCD",17,3,9,20,26,58,0,0.630434782609,0.433333333333,0.328840895625,"Mode",0.001701073256202,1.77815723247863,0,0
"212","pep20","DR_17",20,"PAPEPVADVCSDSDNDGVCD",18,3,9,9,37,58,0,1.20833333333,1.37037037037,0.69831722387,"Mode",0.0218298473449163,0.896753961588974,NA,NA
"213","pep20","DR_4",20,"PAPEPVADVCSDSDNDGVCD",8,4,8,17,29,58,0,0.920634920635,0.852941176471,1,"Mode",0.0163300258352409,1.47345216999038,0,0
"214","pep20","DR_7",20,"PAPEPVADVCSDSDNDGVCD",9,1,11,11,35,58,0,0.402777777778,0.289256198347,0.426530939069,"Mode",0.0111071810548175,1.42050677376104,NA,0
"215","pep20","DR_8",20,"PAPEPVADVCSDSDNDGVCD",10,0,12,1,45,58,0,0,0,1,"Mode",0.0217474446230756,0.215764294012765,NA,NA
"216","pep20","DR_9",20,"PAPEPVADVCSDSDNDGVCD",11,1,11,1,45,58,0,2.41666666667,4.09090909091,0.37386569873,"Mode",0.0368721604694782,0.111527051674019,NA,0
"217","pep21","DQ_2",21,"SDSDNDGVCDNVDKCPDTPA",1,2,2,18,36,58,0,1.45,2,0.602328705777,"Mode",0.00132287621739172,1.66903605793914,NA,NA
"218","pep21","DQ_5",21,"SDSDNDGVCDNVDKCPDTPA",2,2,2,22,32,58,0,1.20833333333,1.45454545455,1,"Mode",0.00448692924739065,1.91631892650328,NA,NA
"219","pep21","DQ_6",21,"SDSDNDGVCDNVDKCPDTPA",3,2,2,29,25,58,0,0.935483870968,0.862068965517,1,"Mode",0.000179122958307742,2.21299118115169,NA,NA
"220","pep21","DQ_7",21,"SDSDNDGVCDNVDKCPDTPA",4,1,3,14,40,58,0,0.966666666667,0.952380952381,1,"Mode",0.00152826385500953,1.6818320340795,NA,NA
"221","pep21","DQ_8",21,"SDSDNDGVCDNVDKCPDTPA",5,1,3,13,41,58,0,1.03571428571,1.05128205128,1,"Mode",0.00606774851407388,1.5618785386901,NA,NA
"222","pep21","DQ_9",21,"SDSDNDGVCDNVDKCPDTPA",6,0,4,5,49,58,0,0,0,1,"Mode",0.00454524755916041,0.949719562553542,NA,NA
"223","pep21","DR_1",21,"SDSDNDGVCDNVDKCPDTPA",7,2,2,15,39,58,0,1.70588235294,2.6,0.572866335117,"Mode",0.00145599865540075,1.46497415421833,0,0
"224","pep21","DR_10",21,"SDSDNDGVCDNVDKCPDTPA",12,0,4,1,53,58,0,0,0,1,"Mode",0.0118830938494208,0.221761667085965,NA,NA
"225","pep21","DR_11",21,"SDSDNDGVCDNVDKCPDTPA",13,1,3,6,48,58,0,2.07142857143,2.66666666667,0.410988285761,"Mode",0.00830476337899534,0.896946652650322,NA,0
"226","pep21","DR_12",21,"SDSDNDGVCDNVDKCPDTPA",14,0,4,2,52,58,0,0,0,1,"Mode",0.034444992399305,0.349055282242405,NA,NA
"227","pep21","DR_13",21,"SDSDNDGVCDNVDKCPDTPA",15,1,3,7,47,58,0,1.8125,2.2380952381,0.457185282957,"Mode",0.00421791932411551,0.964078798312341,NA,0
"228","pep21","DR_14",21,"SDSDNDGVCDNVDKCPDTPA",16,0,4,7,47,58,0,0,0,1,"Mode",0.00484862146321769,1.11095917294903,NA,NA
"229","pep21","DR_15",21,"SDSDNDGVCDNVDKCPDTPA",17,1,3,22,32,58,0,0.630434782609,0.484848484848,1,"Mode",0.000557361791491,1.982409716545,0,0
"230","pep21","DR_17",21,"SDSDNDGVCDNVDKCPDTPA",18,1,3,11,43,58,0,1.20833333333,1.30303030303,1,"Mode",0.0017220442805352,1.28811842741807,NA,NA
"231","pep21","DR_4",21,"SDSDNDGVCDNVDKCPDTPA",8,1,3,20,34,58,0,0.690476190476,0.566666666667,1,"Mode",0.00188396296984794,1.97085977617469,0,0
"232","pep21","DR_7",21,"SDSDNDGVCDNVDKCPDTPA",9,1,3,11,43,58,0,1.20833333333,1.30303030303,1,"Mode",0.00995253152860048,1.37168464523635,NA,0
"233","pep21","DR_8",21,"SDSDNDGVCDNVDKCPDTPA",10,0,4,1,53,58,0,0,0,1,"Mode",0.143366169152842,0.175290586360831,NA,NA
"234","pep21","DR_9",21,"SDSDNDGVCDNVDKCPDTPA",11,0,4,2,52,58,0,0,0,1,"Mode",0.0126999741649696,0.364006066534216,NA,0
"235","pep22","DQ_2",22,"NVDKCPDTPANVTVDANGCP",1,2,9,18,29,58,0,0.527272727273,0.358024691358,0.298629207952,"Mode",0.00457549430418722,1.64535021869145,NA,NA
"236","pep22","DQ_5",22,"NVDKCPDTPANVTVDANGCP",2,5,6,19,28,58,0,1.09848484848,1.22807017544,1,"Mode",0.00386152198828332,1.77623831067244,NA,NA
"237","pep22","DQ_6",22,"NVDKCPDTPANVTVDANGCP",3,7,4,24,23,58,0,1.19061583578,1.67708333333,0.518054292223,"Mode",0.00863184767674434,1.781375790175,NA,NA
"238","pep22","DQ_7",22,"NVDKCPDTPANVTVDANGCP",4,2,9,13,34,58,0,0.70303030303,0.581196581197,0.71022789402,"Mode",0.00233299006108152,1.55427822335687,NA,NA
"239","pep22","DQ_8",22,"NVDKCPDTPANVTVDANGCP",5,4,7,10,37,58,0,1.50649350649,2.11428571429,0.433334548306,"Mode",0.166250453409525,0.759323612924931,NA,NA
"240","pep22","DQ_9",22,"NVDKCPDTPANVTVDANGCP",6,0,11,5,42,58,0,0,0,0.571810272808,"Mode",0.00518290610680077,0.966499647051099,NA,NA
"241","pep22","DR_1",22,"NVDKCPDTPANVTVDANGCP",7,2,9,15,32,58,0,0.620320855615,0.474074074074,0.479649374389,"Mode",0.00282894542179239,1.60231772857184,0,0
"242","pep22","DR_10",22,"NVDKCPDTPANVTVDANGCP",12,0,11,1,46,58,0,0,0,1,"Mode",0.00288697487627567,0.208492997594957,NA,NA
"243","pep22","DR_11",22,"NVDKCPDTPANVTVDANGCP",13,1,10,6,41,58,0,0.753246753247,0.683333333333,1,"Mode",0.00573707543320527,0.902507721323036,NA,0
"244","pep22","DR_12",22,"NVDKCPDTPANVTVDANGCP",14,1,10,1,46,58,0,2.63636363636,4.6,0.346037507562,"Mode",0.325374951768074,0.094231341063993,NA,NA
"245","pep22","DR_13",22,"NVDKCPDTPANVTVDANGCP",15,2,9,6,41,58,0,1.31818181818,1.51851851852,0.639082084981,"Mode",0.00195686791874509,0.809489492896841,NA,0
"246","pep22","DR_14",22,"NVDKCPDTPANVTVDANGCP",16,3,8,4,43,58,0,2.25974025974,4.03125,0.117411650717,"Mode",0.182645609747298,0.4182137730513,NA,NA
"247","pep22","DR_15",22,"NVDKCPDTPANVTVDANGCP",17,4,7,19,28,58,0,0.916996047431,0.842105263158,1,"Mode",0.00262958125840516,1.74246966037461,0,0
"248","pep22","DR_17",22,"NVDKCPDTPANVTVDANGCP",18,2,9,10,37,58,0,0.878787878788,0.822222222222,1,"Mode",0.00624418670784206,1.06102133809244,NA,NA
"249","pep22","DR_4",22,"NVDKCPDTPANVTVDANGCP",8,4,7,17,30,58,0,1.00432900433,1.00840336134,1,"Mode",0.00157351722332858,1.44411834335953,0,0
"250","pep22","DR_7",22,"NVDKCPDTPANVTVDANGCP",9,1,10,11,36,58,0,0.439393939394,0.327272727273,0.428533574852,"Mode",0.00382514870367436,1.36010410600944,NA,0
"251","pep22","DR_8",22,"NVDKCPDTPANVTVDANGCP",10,1,10,0,47,58,0,5.27272727273,Inf,0.189655172414,"Mode",0.658178770353948,0.0791160877491405,NA,NA
"252","pep22","DR_9",22,"NVDKCPDTPANVTVDANGCP",11,0,11,2,45,58,0,0,0,1,"Mode",0.0112986776390536,0.396259291412764,NA,0
"253","pep23","DQ_2",23,"NVTVDANGCPAVAEVVRVQL",1,1,3,19,35,58,0,0.725,0.614035087719,1,"Mode",0.000786825882323822,1.89505738180767,NA,NA
"254","pep23","DQ_5",23,"NVTVDANGCPAVAEVVRVQL",2,3,1,21,33,58,0,1.8125,4.71428571429,0.296551724138,"Mode",0.00112419757326212,1.78158173455088,NA,NA
"255","pep23","DQ_6",23,"NVTVDANGCPAVAEVVRVQL",3,2,2,29,25,58,0,0.935483870968,0.862068965517,1,"Mode",0.000792216663009628,2.2264603728758,NA,NA
"256","pep23","DQ_7",23,"NVTVDANGCPAVAEVVRVQL",4,0,4,15,39,58,0,0,0,0.563685860419,"Mode",0.00338491784978849,1.88579088776683,NA,NA
"257","pep23","DQ_8",23,"NVTVDANGCPAVAEVVRVQL",5,1,3,13,41,58,0,1.03571428571,1.05128205128,1,"Mode",0.0422901404803725,1.35187756385607,NA,NA
"258","pep23","DQ_9",23,"NVTVDANGCPAVAEVVRVQL",6,0,4,5,49,58,0,0,0,1,"Mode",0.0153147644807435,0.953821018381924,NA,NA
"259","pep23","DR_1",23,"NVTVDANGCPAVAEVVRVQL",7,2,2,15,39,58,0,1.70588235294,2.6,0.572866335117,"Mode",0.0067859986702205,1.54051016510208,0,1
"260","pep23","DR_10",23,"NVTVDANGCPAVAEVVRVQL",12,0,4,1,53,58,0,0,0,1,"Mode",0.0131989272590469,0.308943575970271,NA,NA
"261","pep23","DR_11",23,"NVTVDANGCPAVAEVVRVQL",13,0,4,7,47,58,0,0,0,1,"Mode",0.000642304832383515,1.22926741566961,NA,0
"262","pep23","DR_12",23,"NVTVDANGCPAVAEVVRVQL",14,0,4,2,52,58,0,0,0,1,"Mode",0.00950046798861359,0.283809261748056,NA,NA
"263","pep23","DR_13",23,"NVTVDANGCPAVAEVVRVQL",15,0,4,8,46,58,0,0,0,1,"Mode",0.00519635325615162,1.38517863219894,NA,0
"264","pep23","DR_14",23,"NVTVDANGCPAVAEVVRVQL",16,1,3,6,48,58,0,2.07142857143,2.66666666667,0.410988285761,"Mode",0.00695951284235257,0.906216423240434,NA,NA
"265","pep23","DR_15",23,"NVTVDANGCPAVAEVVRVQL",17,2,2,21,33,58,0,1.26086956522,1.57142857143,1,"Mode",0.00329390137400271,1.85754676522356,0,0
"266","pep23","DR_17",23,"NVTVDANGCPAVAEVVRVQL",18,1,3,11,43,58,0,1.20833333333,1.30303030303,1,"Mode",0.00836431387492226,1.33032525840593,NA,NA
"267","pep23","DR_4",23,"NVTVDANGCPAVAEVVRVQL",8,1,3,20,34,58,0,0.690476190476,0.566666666667,1,"Mode",0.00101843271380222,1.73620152015361,0,0
"268","pep23","DR_7",23,"NVTVDANGCPAVAEVVRVQL",9,0,4,12,42,58,0,0,0,0.570650764843,"Mode",0.000757624526470966,1.63639549846605,NA,0
"269","pep23","DR_8",23,"NVTVDANGCPAVAEVVRVQL",10,0,4,1,53,58,0,0,0,1,"Mode",0.013899992149605,0.331263374238054,NA,NA
"270","pep23","DR_9",23,"NVTVDANGCPAVAEVVRVQL",11,0,4,2,52,58,0,0,0,1,"Mode",0.0351186514075329,0.385506253677207,NA,0
"271","pep24","DQ_2",24,"AVAEVVRVQLDVKFDFDKSK",1,1,8,19,30,58,0,0.322222222222,0.197368421053,0.143443544094,"Mode",0.00275375309130576,1.97484234368555,NA,NA
"272","pep24","DQ_5",24,"AVAEVVRVQLDVKFDFDKSK",2,5,4,19,30,58,0,1.34259259259,1.97368421053,0.466719769746,"Mode",0.00185360244915738,1.51427707740474,NA,NA
"273","pep24","DQ_6",24,"AVAEVVRVQLDVKFDFDKSK",3,5,4,26,23,58,0,1.0394265233,1.10576923077,1,"Mode",0.0015978088415708,1.93433159783206,NA,NA
"274","pep24","DQ_7",24,"AVAEVVRVQLDVKFDFDKSK",4,1,8,14,35,58,0,0.42962962963,0.3125,0.421777497892,"Mode",0.00310795540508582,1.71428266482092,NA,NA
"275","pep24","DQ_8",24,"AVAEVVRVQLDVKFDFDKSK",5,4,5,10,39,58,0,1.84126984127,3.12,0.198232279386,"Mode",0.133375636959825,0.767433562028267,NA,NA
"276","pep24","DQ_9",24,"AVAEVVRVQLDVKFDFDKSK",6,0,9,5,44,58,0,0,0,1,"Mode",0.0083716344511978,0.865002155260888,NA,NA
"277","pep24","DR_1",24,"AVAEVVRVQLDVKFDFDKSK",7,4,5,13,36,58,0,1.51633986928,2.21538461538,0.425752646833,"Mode",0.0872355814313654,1.02627605730518,0,0
"278","pep24","DR_10",24,"AVAEVVRVQLDVKFDFDKSK",12,0,9,1,48,58,0,0,0,1,"Mode",0.0553380965511803,0.140409053024419,NA,NA
"279","pep24","DR_11",24,"AVAEVVRVQLDVKFDFDKSK",13,0,9,7,42,58,0,0,0,0.581426038948,"Mode",0.0152530438493507,1.23442809266398,NA,0
"280","pep24","DR_12",24,"AVAEVVRVQLDVKFDFDKSK",14,1,8,1,48,58,0,3.22222222222,6,0.288566243194,"Mode",0.0796350402679307,0.129878942245089,NA,NA
"281","pep24","DR_13",24,"AVAEVVRVQLDVKFDFDKSK",15,1,8,7,42,58,0,0.805555555556,0.75,1,"Mode",0.00118718424715631,0.995722943366588,NA,0
"282","pep24","DR_14",24,"AVAEVVRVQLDVKFDFDKSK",16,1,8,6,43,58,0,0.920634920635,0.895833333333,1,"Mode",0.0157471381841525,0.892657317529185,NA,NA
"283","pep24","DR_15",24,"AVAEVVRVQLDVKFDFDKSK",17,4,5,19,30,58,0,1.12077294686,1.26315789474,1,"Mode",0.0049961752619344,1.62414579012997,0,0
"284","pep24","DR_17",24,"AVAEVVRVQLDVKFDFDKSK",18,1,8,11,38,58,0,0.537037037037,0.431818181818,0.668262682366,"Mode",0.00336273489639261,1.41982535692837,NA,NA
"285","pep24","DR_4",24,"AVAEVVRVQLDVKFDFDKSK",8,4,5,17,32,58,0,1.22751322751,1.50588235294,0.709644161954,"Mode",0.000807185122030017,1.42549071675697,0,0
"286","pep24","DR_7",24,"AVAEVVRVQLDVKFDFDKSK",9,0,9,12,37,58,0,0,0,0.180709351903,"Mode",0.00188742571319876,1.6342111034489,NA,0
"287","pep24","DR_8",24,"AVAEVVRVQLDVKFDFDKSK",10,0,9,1,48,58,0,0,0,1,"Mode",0.066983696027136,0.251812257574203,NA,NA
"288","pep24","DR_9",24,"AVAEVVRVQLDVKFDFDKSK",11,0,9,2,47,58,0,0,0,1,"Mode",0.0285188833310412,0.443884497383156,NA,0
"289","pep25","DQ_2",25,"DVKFDFDKSKVKENSYADIK",1,2,7,18,31,58,0,0.644444444444,0.492063492063,0.476086827941,"Mode",0.00777600010953132,1.58069666461202,NA,NA
"290","pep25","DQ_5",25,"DVKFDFDKSKVKENSYADIK",2,3,6,21,28,58,0,0.805555555556,0.666666666667,0.722341698298,"Mode",0.00112855648567975,1.98460929142393,NA,NA
"291","pep25","DQ_6",25,"DVKFDFDKSKVKENSYADIK",3,4,5,27,22,58,0,0.831541218638,0.651851851852,0.719976209316,"Mode",0.000416761128473296,2.04634033782696,NA,NA
"292","pep25","DQ_7",25,"DVKFDFDKSKVKENSYADIK",4,1,8,14,35,58,0,0.42962962963,0.3125,0.421777497892,"Mode",0.00317274962719433,1.58711804965769,NA,NA
"293","pep25","DQ_8",25,"DVKFDFDKSKVKENSYADIK",5,5,4,9,40,58,0,2.30158730159,5.55555555556,0.0295736470803,"Mode",0.0901544790613193,0.846941901836491,NA,NA
"294","pep25","DQ_9",25,"DVKFDFDKSKVKENSYADIK",6,1,8,4,45,58,0,1.28888888889,1.40625,1,"Mode",0.00752778926323663,0.749747834124963,NA,NA
"295","pep25","DR_1",25,"DVKFDFDKSKVKENSYADIK",7,1,8,16,33,58,0,0.37908496732,0.2578125,0.258263835492,"Mode",0.00299991891429904,1.77252472112148,0,0
"296","pep25","DR_10",25,"DVKFDFDKSKVKENSYADIK",12,1,8,0,49,58,0,6.44444444444,Inf,0.155172413793,"Mode",0.869393108485428,0.0597322297999291,NA,NA
"297","pep25","DR_11",25,"DVKFDFDKSKVKENSYADIK",13,1,8,6,43,58,0,0.920634920635,0.895833333333,1,"Mode",0.014764414558064,0.906428576274749,NA,0
"298","pep25","DR_12",25,"DVKFDFDKSKVKENSYADIK",14,0,9,2,47,58,0,0,0,1,"Mode",0.0114654672485603,0.416263817293003,NA,NA
"299","pep25","DR_13",25,"DVKFDFDKSKVKENSYADIK",15,0,9,8,41,58,0,0,0,0.334033585776,"Mode",0.00596283947440155,1.39193409462489,NA,0
"300","pep25","DR_14",25,"DVKFDFDKSKVKENSYADIK",16,1,8,6,43,58,0,0.920634920635,0.895833333333,1,"Mode",0.00746778420630083,0.786347286270574,NA,NA
"301","pep25","DR_15",25,"DVKFDFDKSKVKENSYADIK",17,4,5,19,30,58,0,1.12077294686,1.26315789474,1,"Mode",0.0021832748874196,1.56973171356723,0,0
"302","pep25","DR_17",25,"DVKFDFDKSKVKENSYADIK",18,2,7,10,39,58,0,1.07407407407,1.11428571429,1,"Mode",0.0215696351604283,1.02045357364341,NA,NA
"303","pep25","DR_4",25,"DVKFDFDKSKVKENSYADIK",8,6,3,15,34,58,0,1.84126984127,4.53333333333,0.0592833047855,"Mode",0.00648935964137977,1.20937219547601,0,0
"304","pep25","DR_7",25,"DVKFDFDKSKVKENSYADIK",9,1,8,11,38,58,0,0.537037037037,0.431818181818,0.668262682366,"Mode",0.00274491034303639,1.38752280335799,NA,0
"305","pep25","DR_8",25,"DVKFDFDKSKVKENSYADIK",10,0,9,1,48,58,0,0,0,1,"Mode",0.0114777227493946,0.247300377118487,NA,NA
"306","pep25","DR_9",25,"DVKFDFDKSKVKENSYADIK",11,1,8,1,48,58,0,3.22222222222,6,0.288566243194,"Mode",0.268895894754102,0.0774941683855575,NA,0
"307","pep26","DQ_2",26,"VKENSYADIKNLADFMKQYP",1,2,8,18,30,58,0,0.58,0.416666666667,0.467940461806,"Mode",0.00126170628741611,1.82719497812223,NA,NA
"308","pep26","DQ_5",26,"VKENSYADIKNLADFMKQYP",2,4,6,20,28,58,0,0.966666666667,0.933333333333,1,"Mode",0.00380167547102055,1.59087906419914,NA,NA
"309","pep26","DQ_6",26,"VKENSYADIKNLADFMKQYP",3,3,7,28,20,58,0,0.561290322581,0.30612244898,0.163577212053,"Mode",0.000495793764887268,2.20109059287025,NA,NA
"310","pep26","DQ_7",26,"VKENSYADIKNLADFMKQYP",4,3,7,12,36,58,0,1.16,1.28571428571,0.708201515657,"Mode",0.00787660919421832,1.16509257319839,NA,NA
"311","pep26","DQ_8",26,"VKENSYADIKNLADFMKQYP",5,4,6,10,38,58,0,1.65714285714,2.53333333333,0.23337907707,"Mode",0.0740347730936144,0.868308901756061,NA,NA
"312","pep26","DQ_9",26,"VKENSYADIKNLADFMKQYP",6,1,9,4,44,58,0,1.16,1.22222222222,1,"Mode",0.00362195794224601,0.766154514594563,NA,NA
"313","pep26","DR_1",26,"VKENSYADIKNLADFMKQYP",7,3,7,14,34,58,0,1.02352941176,1.04081632653,1,"Mode",0.0503410191743601,1.18899652401783,0,0
"314","pep26","DR_10",26,"VKENSYADIKNLADFMKQYP",12,0,10,1,47,58,0,0,0,1,"Mode",0.116516247400706,0.163614225399002,NA,NA
"315","pep26","DR_11",26,"VKENSYADIKNLADFMKQYP",13,2,8,5,43,58,0,1.65714285714,2.15,0.591866659291,"Mode",0.0656755188171739,0.617283189017574,NA,0
"316","pep26","DR_12",26,"VKENSYADIKNLADFMKQYP",14,0,10,2,46,58,0,0,0,1,"Mode",0.00792729281902275,0.331817772863974,NA,NA
"317","pep26","DR_13",26,"VKENSYADIKNLADFMKQYP",15,0,10,8,40,58,0,0,0,0.327780380009,"Mode",0.00696181771662047,1.25136317915697,NA,0
"318","pep26","DR_14",26,"VKENSYADIKNLADFMKQYP",16,1,9,6,42,58,0,0.828571428571,0.777777777778,1,"Mode",0.00685161296104759,0.770481856236236,NA,NA
"319","pep26","DR_15",26,"VKENSYADIKNLADFMKQYP",17,3,7,20,28,58,0,0.75652173913,0.6,0.724545335613,"Mode",0.000811728658186038,1.80173103074466,0,1
"320","pep26","DR_17",26,"VKENSYADIKNLADFMKQYP",18,1,9,11,37,58,0,0.483333333333,0.373737373737,0.6699552197,"Mode",0.00304746971968436,1.41663800464603,NA,NA
"321","pep26","DR_4",26,"VKENSYADIKNLADFMKQYP",8,6,4,15,33,58,0,1.65714285714,3.3,0.145553764798,"Mode",0.0300595512292477,1.10397388781442,0,0
"322","pep26","DR_7",26,"VKENSYADIKNLADFMKQYP",9,1,9,11,37,58,0,0.483333333333,0.373737373737,0.6699552197,"Mode",0.00273519726386603,1.34107590389395,NA,0
"323","pep26","DR_8",26,"VKENSYADIKNLADFMKQYP",10,0,10,1,47,58,0,0,0,1,"Mode",0.00107521817907135,0.210242139132439,NA,NA
"324","pep26","DR_9",26,"VKENSYADIKNLADFMKQYP",11,1,9,1,47,58,0,2.9,5.22222222222,0.317604355717,"Mode",0.11148022562986,0.129392565856954,NA,0
"325","pep27","DQ_2",27,"NLADFMKQYPSTSTTVEGHT",1,5,8,15,30,58,0,1.11538461538,1.25,0.749716057021,"Mode",0.0148936342643351,1.26448468374942,NA,NA
"326","pep27","DQ_5",27,"NLADFMKQYPSTSTTVEGHT",2,3,10,21,24,58,0,0.557692307692,0.342857142857,0.201855588101,"Mode",0.00496204666823,1.81329531467402,NA,NA
"327","pep27","DQ_6",27,"NLADFMKQYPSTSTTVEGHT",3,7,6,24,21,58,0,1.00744416873,1.02083333333,1,"Mode",0.00501199671481466,1.7451351492641,NA,NA
"328","pep27","DQ_7",27,"NLADFMKQYPSTSTTVEGHT",4,3,10,12,33,58,0,0.892307692308,0.825,1,"Mode",0.00538186239941981,1.23026167852053,NA,NA
"329","pep27","DQ_8",27,"NLADFMKQYPSTSTTVEGHT",5,4,9,10,35,58,0,1.27472527473,1.55555555556,0.713784147433,"Mode",0.00517198831286135,0.922749909569488,NA,NA
"330","pep27","DQ_9",27,"NLADFMKQYPSTSTTVEGHT",6,1,12,4,41,58,0,0.892307692308,0.854166666667,1,"Mode",0.0616566865511997,0.590726968110267,NA,NA
"331","pep27","DR_1",27,"NLADFMKQYPSTSTTVEGHT",7,2,11,15,30,58,0,0.524886877828,0.363636363636,0.306809924248,"Mode",0.0224490049649097,1.37699439684638,0,1
"332","pep27","DR_10",27,"NLADFMKQYPSTSTTVEGHT",12,0,13,1,44,58,0,0,0,1,"Mode",0.0418055381157704,0.219494484185689,NA,NA
"333","pep27","DR_11",27,"NLADFMKQYPSTSTTVEGHT",13,2,11,5,40,58,0,1.27472527473,1.45454545455,0.647838692372,"Mode",0.0595052287484055,0.633322150612096,NA,0
"334","pep27","DR_12",27,"NLADFMKQYPSTSTTVEGHT",14,0,13,2,43,58,0,0,0,1,"Mode",0.0140515472351345,0.405514905948203,NA,NA
"335","pep27","DR_13",27,"NLADFMKQYPSTSTTVEGHT",15,2,11,6,39,58,0,1.11538461538,1.18181818182,1,"Mode",0.0124420335509605,0.765777639316922,NA,0
"336","pep27","DR_14",27,"NLADFMKQYPSTSTTVEGHT",16,1,12,6,39,58,0,0.637362637363,0.541666666667,1,"Mode",0.0162827210747996,1.02289452426493,NA,NA
"337","pep27","DR_15",27,"NLADFMKQYPSTSTTVEGHT",17,4,9,19,26,58,0,0.775919732441,0.608187134503,0.533912561412,"Mode",0.00322659343610024,1.66598602488475,0,1
"338","pep27","DR_17",27,"NLADFMKQYPSTSTTVEGHT",18,5,8,7,38,58,0,1.85897435897,3.39285714286,0.115989961372,"Mode",0.160977629328132,0.533797995715565,NA,NA
"339","pep27","DR_4",27,"NLADFMKQYPSTSTTVEGHT",8,6,7,15,30,58,0,1.27472527473,1.71428571429,0.515084546389,"Mode",0.0133537433987392,1.20391723094273,0,0
"340","pep27","DR_7",27,"NLADFMKQYPSTSTTVEGHT",9,2,11,10,35,58,0,0.74358974359,0.636363636364,0.715806080458,"Mode",0.00503910872538988,1.20460271405345,NA,1
"341","pep27","DR_8",27,"NLADFMKQYPSTSTTVEGHT",10,1,12,0,45,58,0,4.46153846154,Inf,0.224137931034,"Mode",0.99369244830441,0.0402331629347021,NA,NA
"342","pep27","DR_9",27,"NLADFMKQYPSTSTTVEGHT",11,0,13,2,43,58,0,0,0,1,"Mode",0.0143503827030403,0.460816568773818,NA,1
"343","pep28","DQ_2",28,"STSTTVEGHTDSVGTDAYNQ",1,3,8,17,30,58,0,0.790909090909,0.661764705882,0.731457129171,"Mode",0.00267688519947059,1.62576311412884,NA,NA
"344","pep28","DQ_5",28,"STSTTVEGHTDSVGTDAYNQ",2,3,8,21,26,58,0,0.659090909091,0.464285714286,0.333399712183,"Mode",0.00084859000244629,1.97251487556215,NA,NA
"345","pep28","DQ_6",28,"STSTTVEGHTDSVGTDAYNQ",3,7,4,24,23,58,0,1.19061583578,1.67708333333,0.518054292223,"Mode",0.00747274834380401,1.5954401646853,NA,NA
"346","pep28","DQ_7",28,"STSTTVEGHTDSVGTDAYNQ",4,2,9,13,34,58,0,0.70303030303,0.581196581197,0.71022789402,"Mode",0.00425035824127094,1.38124595891565,NA,NA
"347","pep28","DQ_8",28,"STSTTVEGHTDSVGTDAYNQ",5,4,7,10,37,58,0,1.50649350649,2.11428571429,0.433334548306,"Mode",0.107190602003762,0.910265801234341,NA,NA
"348","pep28","DQ_9",28,"STSTTVEGHTDSVGTDAYNQ",6,0,11,5,42,58,0,0,0,0.571810272808,"Mode",0.0262464295269729,0.89619617268486,NA,NA
"349","pep28","DR_1",28,"STSTTVEGHTDSVGTDAYNQ",7,2,9,15,32,58,0,0.620320855615,0.474074074074,0.479649374389,"Mode",0.00109981113279122,1.5931634920144,0,0
"350","pep28","DR_10",28,"STSTTVEGHTDSVGTDAYNQ",12,0,11,1,46,58,0,0,0,1,"Mode",0.0229065168452066,0.18825532963533,NA,NA
"351","pep28","DR_11",28,"STSTTVEGHTDSVGTDAYNQ",13,1,10,6,41,58,0,0.753246753247,0.683333333333,1,"Mode",0.00236019053994578,0.882159486549357,NA,0
"352","pep28","DR_12",28,"STSTTVEGHTDSVGTDAYNQ",14,0,11,2,45,58,0,0,0,1,"Mode",0.0180905434005056,0.484178163096874,NA,NA
"353","pep28","DR_13",28,"STSTTVEGHTDSVGTDAYNQ",15,0,11,8,39,58,0,0,0,0.330981425819,"Mode",0.00537277225259846,1.29551139917499,NA,0
"354","pep28","DR_14",28,"STSTTVEGHTDSVGTDAYNQ",16,1,10,6,41,58,0,0.753246753247,0.683333333333,1,"Mode",0.00257964824877123,0.877709623920975,NA,NA
"355","pep28","DR_15",28,"STSTTVEGHTDSVGTDAYNQ",17,7,4,16,31,58,0,1.604743083,3.390625,0.0931638941706,"Mode",0.101735219359231,0.97976922971861,0,0
"356","pep28","DR_17",28,"STSTTVEGHTDSVGTDAYNQ",18,3,8,9,38,58,0,1.31818181818,1.58333333333,0.680651115358,"Mode",0.117801731126072,0.816243193250503,NA,NA
"357","pep28","DR_4",28,"STSTTVEGHTDSVGTDAYNQ",8,6,5,15,32,58,0,1.50649350649,2.56,0.181356298509,"Mode",0.0568177549197075,1.06211567989627,0,0
"358","pep28","DR_7",28,"STSTTVEGHTDSVGTDAYNQ",9,0,11,12,35,58,0,0,0,0.0973369288659,"Mode",0.00711353881030355,1.57906438497782,NA,0
"359","pep28","DR_8",28,"STSTTVEGHTDSVGTDAYNQ",10,0,11,1,46,58,0,0,0,1,"Mode",0.00257511731641777,0.266511934427198,NA,NA
"360","pep28","DR_9",28,"STSTTVEGHTDSVGTDAYNQ",11,0,11,2,45,58,0,0,0,1,"Mode",0.0206583093784556,0.336902071923643,NA,0
"361","pep29","DQ_2",29,"DSVGTDAYNQKLSERRANAV",1,5,10,15,28,58,0,0.966666666667,0.933333333333,1,"Mode",0.00279962243045439,1.36265568256973,NA,NA
"362","pep29","DQ_5",29,"DSVGTDAYNQKLSERRANAV",2,4,11,20,23,58,0,0.644444444444,0.418181818182,0.231204466405,"Mode",0.000581425758464386,1.90225259401938,NA,NA
"363","pep29","DQ_6",29,"DSVGTDAYNQKLSERRANAV",3,9,6,22,21,58,0,1.12258064516,1.43181818182,0.764544332174,"Mode",0.00443039387084966,1.28083218872613,NA,NA
"364","pep29","DQ_7",29,"DSVGTDAYNQKLSERRANAV",4,3,12,12,31,58,0,0.773333333333,0.645833333333,0.736107801223,"Mode",0.00261932381455915,1.30923139120078,NA,NA
"365","pep29","DQ_8",29,"DSVGTDAYNQKLSERRANAV",5,6,9,8,35,58,0,1.65714285714,2.91666666667,0.158198480242,"Mode",0.0721816841724163,0.871716063793076,NA,NA
"366","pep29","DQ_9",29,"DSVGTDAYNQKLSERRANAV",6,1,14,4,39,58,0,0.773333333333,0.696428571429,1,"Mode",0.00986962672702746,0.745475693278631,NA,NA
"367","pep29","DR_1",29,"DSVGTDAYNQKLSERRANAV",7,2,13,15,28,58,0,0.454901960784,0.287179487179,0.187842451361,"Mode",0.00236902794695195,1.57127011803509,0,0
"368","pep29","DR_10",29,"DSVGTDAYNQKLSERRANAV",12,1,14,0,43,58,0,3.86666666667,Inf,0.258620689655,"Mode",0.883965168624574,0.0988182652617695,NA,NA
"369","pep29","DR_11",29,"DSVGTDAYNQKLSERRANAV",13,2,13,5,38,58,0,1.10476190476,1.16923076923,1,"Mode",0.0359743811300694,0.653136067044828,NA,0
"370","pep29","DR_12",29,"DSVGTDAYNQKLSERRANAV",14,1,14,1,42,58,0,1.93333333333,3,0.453720508167,"Mode",0.128051737437294,0.153529070923849,NA,NA
"371","pep29","DR_13",29,"DSVGTDAYNQKLSERRANAV",15,2,13,6,37,58,0,0.966666666667,0.948717948718,1,"Mode",0.018652440849356,0.738797874229032,NA,0
"372","pep29","DR_14",29,"DSVGTDAYNQKLSERRANAV",16,1,14,6,37,58,0,0.552380952381,0.440476190476,0.663846024537,"Mode",0.0189365496409104,0.842265210192151,NA,NA
"373","pep29","DR_15",29,"DSVGTDAYNQKLSERRANAV",17,7,8,16,27,58,0,1.1768115942,1.4765625,0.552816807172,"Mode",0.101642595033981,1.00754680855669,0,0
"374","pep29","DR_17",29,"DSVGTDAYNQKLSERRANAV",18,3,12,9,34,58,0,0.966666666667,0.944444444444,1,"Mode",0.00317854662008488,0.967305282640311,NA,NA
"375","pep29","DR_4",29,"DSVGTDAYNQKLSERRANAV",8,7,8,14,29,58,0,1.28888888889,1.8125,0.36288192169,"Mode",0.0038855147090617,1.2582770578486,0,0
"376","pep29","DR_7",29,"DSVGTDAYNQKLSERRANAV",9,2,13,10,33,58,0,0.644444444444,0.507692307692,0.712283015339,"Mode",0.0135428209547796,1.19025487902278,NA,0
"377","pep29","DR_8",29,"DSVGTDAYNQKLSERRANAV",10,0,15,1,42,58,0,0,0,1,"Mode",0.0190927901662845,0.202192012743683,NA,NA
"378","pep29","DR_9",29,"DSVGTDAYNQKLSERRANAV",11,1,14,1,42,58,0,1.93333333333,3,0.453720508167,"Mode",0.18603768228989,0.11242567962779,NA,0
"379","pep2","DQ_2",2,"IGSLVAASAMNAFAQGQNSV",1,3,9,17,29,58,0,0.725,0.56862745098,0.514908729076,"Mode",0.00168714788236461,1.6436950378231,NA,NA
"380","pep2","DQ_5",2,"IGSLVAASAMNAFAQGQNSV",2,5,7,19,27,58,0,1.00694444444,1.01503759398,1,"Mode",0.00127302865191623,1.55855109292502,NA,NA
"381","pep2","DQ_6",2,"IGSLVAASAMNAFAQGQNSV",3,7,5,24,22,58,0,1.09139784946,1.28333333333,0.755609091447,"Mode",0.00236260376098135,1.65875237265206,NA,NA
"382","pep2","DQ_7",2,"IGSLVAASAMNAFAQGQNSV",4,3,9,12,34,58,0,0.966666666667,0.944444444444,1,"Mode",0.00501679790036556,1.29879248057,NA,NA
"383","pep2","DQ_8",2,"IGSLVAASAMNAFAQGQNSV",5,2,10,12,34,58,0,0.690476190476,0.566666666667,0.710638918284,"Mode",0.0341394197935311,1.31627079324444,NA,NA
"384","pep2","DQ_9",2,"IGSLVAASAMNAFAQGQNSV",6,1,11,4,42,58,0,0.966666666667,0.954545454545,1,"Mode",0.0385531697176206,0.518708595691264,NA,NA
"385","pep2","DR_1",2,"IGSLVAASAMNAFAQGQNSV",7,3,9,14,32,58,0,0.852941176471,0.761904761905,1,"Mode",0.0162521880449007,1.22603515479501,0,1
"386","pep2","DR_10",2,"IGSLVAASAMNAFAQGQNSV",12,1,11,0,46,58,0,4.83333333333,Inf,0.206896551724,"Mode",0.963738422852156,0.049117350972379,NA,NA
"387","pep2","DR_11",2,"IGSLVAASAMNAFAQGQNSV",13,3,9,4,42,58,0,2.07142857143,3.5,0.147261828562,"Mode",0.30183734842046,0.354984212795731,NA,1
"388","pep2","DR_12",2,"IGSLVAASAMNAFAQGQNSV",14,0,12,2,44,58,0,0,0,1,"Mode",0.0086687450904456,0.437040973448452,NA,NA
"389","pep2","DR_13",2,"IGSLVAASAMNAFAQGQNSV",15,2,10,6,40,58,0,1.20833333333,1.33333333333,0.664911800369,"Mode",0.029513691775276,0.761440370295014,NA,0
"390","pep2","DR_14",2,"IGSLVAASAMNAFAQGQNSV",16,1,11,6,40,58,0,0.690476190476,0.606060606061,1,"Mode",0.0101309638892145,0.835517126727554,NA,NA
"391","pep2","DR_15",2,"IGSLVAASAMNAFAQGQNSV",17,5,7,18,28,58,0,1.05072463768,1.11111111111,1,"Mode",0.00616887710099271,1.46746029475002,0,1
"392","pep2","DR_17",2,"IGSLVAASAMNAFAQGQNSV",18,3,9,9,37,58,0,1.20833333333,1.37037037037,0.69831722387,"Mode",0.0580586794254741,0.858232271675465,NA,NA
"393","pep2","DR_4",2,"IGSLVAASAMNAFAQGQNSV",8,3,9,18,28,58,0,0.690476190476,0.518518518519,0.50597204122,"Mode",0.00284208247906708,1.58659549699763,0,1
"394","pep2","DR_7",2,"IGSLVAASAMNAFAQGQNSV",9,1,11,11,35,58,0,0.402777777778,0.289256198347,0.426530939069,"Mode",0.00247119913764127,1.46026646628527,NA,1
"395","pep2","DR_8",2,"IGSLVAASAMNAFAQGQNSV",10,0,12,1,45,58,0,0,0,1,"Mode",0.0232986147822886,0.185970240012346,NA,NA
"396","pep2","DR_9",2,"IGSLVAASAMNAFAQGQNSV",11,0,12,2,44,58,0,0,0,1,"Mode",0.0203140323861672,0.4192435340694,NA,1
"397","pep30","DQ_2",30,"KLSERRANAVRDVLVNEYGV",1,1,9,19,29,58,0,0.29,0.169590643275,0.140728088716,"Mode",0.00109136466869334,1.96450042003389,NA,NA
"398","pep30","DQ_5",30,"KLSERRANAVRDVLVNEYGV",2,4,6,20,28,58,0,0.966666666667,0.933333333333,1,"Mode",0.00250104743150859,1.81253139519948,NA,NA
"399","pep30","DQ_6",30,"KLSERRANAVRDVLVNEYGV",3,6,4,25,23,58,0,1.12258064516,1.38,0.737120523031,"Mode",0.000926622589272724,1.79888240920734,NA,NA
"400","pep30","DQ_7",30,"KLSERRANAVRDVLVNEYGV",4,2,8,13,35,58,0,0.773333333333,0.673076923077,1,"Mode",0.0050598175709053,1.35184982898051,NA,NA
"401","pep30","DQ_8",30,"KLSERRANAVRDVLVNEYGV",5,4,6,10,38,58,0,1.65714285714,2.53333333333,0.23337907707,"Mode",0.0892849822835574,0.893657346625018,NA,NA
"402","pep30","DQ_9",30,"KLSERRANAVRDVLVNEYGV",6,1,9,4,44,58,0,1.16,1.22222222222,1,"Mode",0.0117806751712373,0.69609482425388,NA,NA
"403","pep30","DR_1",30,"KLSERRANAVRDVLVNEYGV",7,2,8,15,33,58,0,0.682352941176,0.55,0.707016656547,"Mode",0.0101162557122016,1.49428383299316,0,0
"404","pep30","DR_10",30,"KLSERRANAVRDVLVNEYGV",12,0,10,1,47,58,0,0,0,1,"Mode",0.0168538452022331,0.229468137498289,NA,NA
"405","pep30","DR_11",30,"KLSERRANAVRDVLVNEYGV",13,1,9,6,42,58,0,0.828571428571,0.777777777778,1,"Mode",0.00432554584822395,0.905515109734694,NA,0
"406","pep30","DR_12",30,"KLSERRANAVRDVLVNEYGV",14,1,9,1,47,58,0,2.9,5.22222222222,0.317604355717,"Mode",0.291173803844131,0.0696035045747895,NA,NA
"407","pep30","DR_13",30,"KLSERRANAVRDVLVNEYGV",15,1,9,7,41,58,0,0.725,0.650793650794,1,"Mode",0.011818400421666,0.988998462343348,NA,0
"408","pep30","DR_14",30,"KLSERRANAVRDVLVNEYGV",16,2,8,5,43,58,0,1.65714285714,2.15,0.591866659291,"Mode",0.045314610966117,0.651058348229078,NA,NA
"409","pep30","DR_15",30,"KLSERRANAVRDVLVNEYGV",17,4,6,19,29,58,0,1.00869565217,1.01754385965,1,"Mode",0.00889822386891219,1.59726647908383,0,1
"410","pep30","DR_17",30,"KLSERRANAVRDVLVNEYGV",18,1,9,11,37,58,0,0.483333333333,0.373737373737,0.6699552197,"Mode",0.00252968026911051,1.33416182957674,NA,NA
"411","pep30","DR_4",30,"KLSERRANAVRDVLVNEYGV",8,5,5,16,32,58,0,1.38095238095,2,0.470925951082,"Mode",0.0114103093974845,1.26052317230659,0,0
"412","pep30","DR_7",30,"KLSERRANAVRDVLVNEYGV",9,1,9,11,37,58,0,0.483333333333,0.373737373737,0.6699552197,"Mode",0.00137900142628523,1.39189883597075,NA,0
"413","pep30","DR_8",30,"KLSERRANAVRDVLVNEYGV",10,1,9,0,48,58,0,5.8,Inf,0.172413793103,"Mode",0.412121500852177,0.0132506580732149,NA,NA
"414","pep30","DR_9",30,"KLSERRANAVRDVLVNEYGV",11,0,10,2,46,58,0,0,0,1,"Mode",0.00409470786804724,0.427374343341499,NA,1
"415","pep31","DQ_2",31,"RDVLVNEYGVEGGRVNAVGY",1,2,7,18,31,58,0,0.644444444444,0.492063492063,0.476086827941,"Mode",0.00317388709094329,1.82180072654203,NA,NA
"416","pep31","DQ_5",31,"RDVLVNEYGVEGGRVNAVGY",2,3,6,21,28,58,0,0.805555555556,0.666666666667,0.722341698298,"Mode",0.00255588961602123,1.99146154741895,NA,NA
"417","pep31","DQ_6",31,"RDVLVNEYGVEGGRVNAVGY",3,6,3,25,24,58,0,1.24731182796,1.92,0.481437424658,"Mode",0.00765161480019342,1.55056959836315,NA,NA
"418","pep31","DQ_7",31,"RDVLVNEYGVEGGRVNAVGY",4,1,8,14,35,58,0,0.42962962963,0.3125,0.421777497892,"Mode",0.00418858141066719,1.74224969871614,NA,NA
"419","pep31","DQ_8",31,"RDVLVNEYGVEGGRVNAVGY",5,4,5,10,39,58,0,1.84126984127,3.12,0.198232279386,"Mode",0.0979389502649222,0.903025560675866,NA,NA
"420","pep31","DQ_9",31,"RDVLVNEYGVEGGRVNAVGY",6,0,9,5,44,58,0,0,0,1,"Mode",0.0048515145000007,0.85735733854766,NA,NA
"421","pep31","DR_1",31,"RDVLVNEYGVEGGRVNAVGY",7,2,7,15,34,58,0,0.758169934641,0.647619047619,1,"Mode",0.00185192967249673,1.60906927388235,0,1
"422","pep31","DR_10",31,"RDVLVNEYGVEGGRVNAVGY",12,1,8,0,49,58,0,6.44444444444,Inf,0.155172413793,"Mode",0.977525546400315,0.0920636502189754,NA,NA
"423","pep31","DR_11",31,"RDVLVNEYGVEGGRVNAVGY",13,1,8,6,43,58,0,0.920634920635,0.895833333333,1,"Mode",0.00462911555389114,0.84663058608453,NA,0
"424","pep31","DR_12",31,"RDVLVNEYGVEGGRVNAVGY",14,0,9,2,47,58,0,0,0,1,"Mode",0.0128542638868126,0.538830890655364,NA,NA
"425","pep31","DR_13",31,"RDVLVNEYGVEGGRVNAVGY",15,1,8,7,42,58,0,0.805555555556,0.75,1,"Mode",0.00192191902255634,0.985093501468889,NA,0
"426","pep31","DR_14",31,"RDVLVNEYGVEGGRVNAVGY",16,0,9,7,42,58,0,0,0,0.581426038948,"Mode",0.00231907414420858,1.20438732104825,NA,NA
"427","pep31","DR_15",31,"RDVLVNEYGVEGGRVNAVGY",17,5,4,18,31,58,0,1.40096618357,2.15277777778,0.460108857801,"Mode",0.0602070328611424,1.15843946120539,0,1
"428","pep31","DR_17",31,"RDVLVNEYGVEGGRVNAVGY",18,1,8,11,38,58,0,0.537037037037,0.431818181818,0.668262682366,"Mode",0.00207346761591923,1.3790499357986,NA,NA
"429","pep31","DR_4",31,"RDVLVNEYGVEGGRVNAVGY",8,4,5,17,32,58,0,1.22751322751,1.50588235294,0.709644161954,"Mode",0.00789494687946946,1.482436633143,0,0
"430","pep31","DR_7",31,"RDVLVNEYGVEGGRVNAVGY",9,1,8,11,38,58,0,0.537037037037,0.431818181818,0.668262682366,"Mode",0.00286880907906481,1.34997949500126,NA,0
"431","pep31","DR_8",31,"RDVLVNEYGVEGGRVNAVGY",10,0,9,1,48,58,0,0,0,1,"Mode",0.0680413947353952,0.159016799722922,NA,NA
"432","pep31","DR_9",31,"RDVLVNEYGVEGGRVNAVGY",11,0,9,2,47,58,0,0,0,1,"Mode",0.00536954203893534,0.541953510405288,NA,1
"433","pep32","DQ_2",32,"EGGRVNAVGYGESRPVADNA",1,2,9,18,29,58,0,0.527272727273,0.358024691358,0.298629207952,"Mode",0.00511961701502572,1.80749306965828,NA,NA
"434","pep32","DQ_5",32,"EGGRVNAVGYGESRPVADNA",2,5,6,19,28,58,0,1.09848484848,1.22807017544,1,"Mode",0.0121202996538142,1.53772521261345,NA,NA
"435","pep32","DQ_6",32,"EGGRVNAVGYGESRPVADNA",3,6,5,25,22,58,0,1.02052785924,1.056,1,"Mode",0.00180314740910768,1.78959751520233,NA,NA
"436","pep32","DQ_7",32,"EGGRVNAVGYGESRPVADNA",4,4,7,11,36,58,0,1.40606060606,1.87012987013,0.450176004039,"Mode",0.037459987055223,0.97145050521075,NA,NA
"437","pep32","DQ_8",32,"EGGRVNAVGYGESRPVADNA",5,2,9,12,35,58,0,0.753246753247,0.648148148148,1,"Mode",0.0130264792445923,1.17970973103959,NA,NA
"438","pep32","DQ_9",32,"EGGRVNAVGYGESRPVADNA",6,0,11,5,42,58,0,0,0,0.571810272808,"Mode",0.0125405965411093,0.875444662376827,NA,NA
"439","pep32","DR_1",32,"EGGRVNAVGYGESRPVADNA",7,4,7,13,34,58,0,1.24064171123,1.49450549451,0.714646431116,"Mode",0.109471555719854,0.98448104380538,0,1
"440","pep32","DR_10",32,"EGGRVNAVGYGESRPVADNA",12,0,11,1,46,58,0,0,0,1,"Mode",0.0214104583822041,0.231536136593285,NA,NA
"441","pep32","DR_11",32,"EGGRVNAVGYGESRPVADNA",13,2,9,5,42,58,0,1.50649350649,1.86666666667,0.607171659568,"Mode",0.0164649991298094,0.69649811546417,NA,0
"442","pep32","DR_12",32,"EGGRVNAVGYGESRPVADNA",14,0,11,2,45,58,0,0,0,1,"Mode",0.0119595096913881,0.427337553890432,NA,NA
"443","pep32","DR_13",32,"EGGRVNAVGYGESRPVADNA",15,2,9,6,41,58,0,1.31818181818,1.51851851852,0.639082084981,"Mode",0.0460214229477257,0.666915476000841,NA,0
"444","pep32","DR_14",32,"EGGRVNAVGYGESRPVADNA",16,1,10,6,41,58,0,0.753246753247,0.683333333333,1,"Mode",0.00375273112343974,0.87381728029485,NA,NA
"445","pep32","DR_15",32,"EGGRVNAVGYGESRPVADNA",17,4,7,19,28,58,0,0.916996047431,0.842105263158,1,"Mode",0.00979136346650093,1.6497811252906,0,1
"446","pep32","DR_17",32,"EGGRVNAVGYGESRPVADNA",18,2,9,10,37,58,0,0.878787878788,0.822222222222,1,"Mode",0.00266160722029314,1.18215783527896,NA,NA
"447","pep32","DR_4",32,"EGGRVNAVGYGESRPVADNA",8,5,6,16,31,58,0,1.25541125541,1.61458333333,0.503860810627,"Mode",0.0197679411709287,1.20799932750365,0,0
"448","pep32","DR_7",32,"EGGRVNAVGYGESRPVADNA",9,0,11,12,35,58,0,0,0,0.0973369288659,"Mode",0.000795025518193426,1.65199174458054,NA,0
"449","pep32","DR_8",32,"EGGRVNAVGYGESRPVADNA",10,0,11,1,46,58,0,0,0,1,"Mode",0.0036860257306645,0.222964704064688,NA,NA
"450","pep32","DR_9",32,"EGGRVNAVGYGESRPVADNA",11,0,11,2,45,58,0,0,0,1,"Mode",0.0188119030848811,0.346623706599221,NA,1
"451","pep33","DQ_2",33,"GESRPVADNATAEGRAINRR",1,2,3,18,35,58,0,1.16,1.2962962963,1,"Mode",0.00096794229062548,1.75000256266401,NA,NA
"452","pep33","DQ_5",33,"GESRPVADNATAEGRAINRR",2,4,1,20,33,58,0,1.93333333333,6.6,0.14884913433,"Mode",0.000621908130680048,1.75720535860031,NA,NA
"453","pep33","DQ_6",33,"GESRPVADNATAEGRAINRR",3,3,2,28,25,58,0,1.12258064516,1.33928571429,1,"Mode",0.00210901693435637,2.16413966659455,NA,NA
"454","pep33","DQ_7",33,"GESRPVADNATAEGRAINRR",4,1,4,14,39,58,0,0.773333333333,0.696428571429,1,"Mode",0.00568402076463969,1.68972064370823,NA,NA
"455","pep33","DQ_8",33,"GESRPVADNATAEGRAINRR",5,0,5,14,39,58,0,0,0,0.322208778652,"Mode",0.00115035222454795,1.77865002915438,NA,NA
"456","pep33","DQ_9",33,"GESRPVADNATAEGRAINRR",6,0,5,5,48,58,0,0,0,1,"Mode",0.00487305495761105,1.02979092058503,NA,NA
"457","pep33","DR_1",33,"GESRPVADNATAEGRAINRR",7,2,3,15,38,58,0,1.36470588235,1.68888888889,0.624280572556,"Mode",0.00519719537945199,1.59083666551893,0,0
"458","pep33","DR_10",33,"GESRPVADNATAEGRAINRR",12,0,5,1,52,58,0,0,0,1,"Mode",0.101401399773568,0.151044916274438,NA,NA
"459","pep33","DR_11",33,"GESRPVADNATAEGRAINRR",13,0,5,7,46,58,0,0,0,1,"Mode",0.00179922486904006,1.21354519928051,NA,0
"460","pep33","DR_12",33,"GESRPVADNATAEGRAINRR",14,0,5,2,51,58,0,0,0,1,"Mode",0.0042641448265376,0.367365916907867,NA,NA
"461","pep33","DR_13",33,"GESRPVADNATAEGRAINRR",15,2,3,6,47,58,0,2.9,5.22222222222,0.135517302486,"Mode",0.0424524191881217,0.723862230204814,NA,0
"462","pep33","DR_14",33,"GESRPVADNATAEGRAINRR",16,2,3,5,48,58,0,3.31428571429,6.4,0.105574804304,"Mode",0.114258716583214,0.541927209167481,NA,NA
"463","pep33","DR_15",33,"GESRPVADNATAEGRAINRR",17,1,4,22,31,58,0,0.504347826087,0.352272727273,0.638620017477,"Mode",0.00212912321024938,2.11770462742953,0,0
"464","pep33","DR_17",33,"GESRPVADNATAEGRAINRR",18,2,3,10,43,58,0,1.93333333333,2.86666666667,0.273485437732,"Mode",0.024778007439253,0.985769553094823,NA,NA
"465","pep33","DR_4",33,"GESRPVADNATAEGRAINRR",8,1,4,20,33,58,0,0.552380952381,0.4125,0.64389814662,"Mode",0.00454137824220275,1.97268504793208,0,0
"466","pep33","DR_7",33,"GESRPVADNATAEGRAINRR",9,0,5,12,41,58,0,0,0,0.572638492784,"Mode",0.000686003652765615,1.56705729530204,NA,0
"467","pep33","DR_8",33,"GESRPVADNATAEGRAINRR",10,0,5,1,52,58,0,0,0,1,"Mode",0.0900051664493843,0.120698424310722,NA,NA
"468","pep33","DR_9",33,"GESRPVADNATAEGRAINRR",11,0,5,2,51,58,0,0,0,1,"Mode",0.00912199262935768,0.418005956916466,NA,0
"469","pep34","DQ_2",34,"TAEGRAINRRVEAEVEAEAK",1,3,9,17,29,58,0,0.725,0.56862745098,0.514908729076,"Mode",0.00286639882964779,1.64808535034778,NA,NA
"470","pep34","DQ_5",34,"TAEGRAINRRVEAEVEAEAK",2,4,8,20,26,58,0,0.805555555556,0.65,0.7436011051,"Mode",0.0074105645726706,1.89530970302843,NA,NA
"471","pep34","DQ_6",34,"TAEGRAINRRVEAEVEAEAK",3,6,6,25,21,58,0,0.935483870968,0.84,1,"Mode",0.00740921854693423,1.81496690385416,NA,NA
"472","pep34","DQ_7",34,"TAEGRAINRRVEAEVEAEAK",4,6,6,9,37,58,0,1.93333333333,4.11111111111,0.0593235464149,"Mode",0.126673600876519,0.713494407696788,NA,NA
"473","pep34","DQ_8",34,"TAEGRAINRRVEAEVEAEAK",5,3,9,11,35,58,0,1.03571428571,1.06060606061,1,"Mode",0.00176164404261564,1.28238491623108,NA,NA
"474","pep34","DQ_9",34,"TAEGRAINRRVEAEVEAEAK",6,1,11,4,42,58,0,0.966666666667,0.954545454545,1,"Mode",0.0277412384880089,0.616591071325722,NA,NA
"475","pep34","DR_1",34,"TAEGRAINRRVEAEVEAEAK",7,2,10,15,31,58,0,0.56862745098,0.413333333333,0.477863682468,"Mode",0.00711105758406189,1.63724164341792,0,0
"476","pep34","DR_10",34,"TAEGRAINRRVEAEVEAEAK",12,1,11,0,46,58,0,4.83333333333,Inf,0.206896551724,"Mode",0.97775282943562,0.0652452535681983,NA,NA
"477","pep34","DR_11",34,"TAEGRAINRRVEAEVEAEAK",13,3,9,4,42,58,0,2.07142857143,3.5,0.147261828562,"Mode",0.148477177371507,0.354322306747263,NA,0
"478","pep34","DR_12",34,"TAEGRAINRRVEAEVEAEAK",14,1,11,1,45,58,0,2.41666666667,4.09090909091,0.37386569873,"Mode",0.287170075804831,0.153620461209282,NA,NA
"479","pep34","DR_13",34,"TAEGRAINRRVEAEVEAEAK",15,1,11,7,39,58,0,0.604166666667,0.506493506494,1,"Mode",0.00429605631624628,1.1309911180058,NA,0
"480","pep34","DR_14",34,"TAEGRAINRRVEAEVEAEAK",16,1,11,6,40,58,0,0.690476190476,0.606060606061,1,"Mode",0.0199698283110587,0.919676992087365,NA,NA
"481","pep34","DR_15",34,"TAEGRAINRRVEAEVEAEAK",17,5,7,18,28,58,0,1.05072463768,1.11111111111,1,"Mode",0.000502238530676255,1.48457545282204,0,0
"482","pep34","DR_17",34,"TAEGRAINRRVEAEVEAEAK",18,3,9,9,37,58,0,1.20833333333,1.37037037037,0.69831722387,"Mode",0.0746573847495521,0.801282422057594,NA,NA
"483","pep34","DR_4",34,"TAEGRAINRRVEAEVEAEAK",8,6,6,15,31,58,0,1.38095238095,2.06666666667,0.320439655768,"Mode",0.0019947129770156,1.35084343280202,0,0
"484","pep34","DR_7",34,"TAEGRAINRRVEAEVEAEAK",9,1,11,11,35,58,0,0.402777777778,0.289256198347,0.426530939069,"Mode",0.00615891932243243,1.40689272099964,NA,0
"485","pep34","DR_8",34,"TAEGRAINRRVEAEVEAEAK",10,0,12,1,45,58,0,0,0,1,"Mode",0.0556019496586691,0.168163801273974,NA,NA
"486","pep34","DR_9",34,"TAEGRAINRRVEAEVEAEAK",11,0,12,2,44,58,0,0,0,1,"Mode",0.0167517877409802,0.415707910935685,NA,0
"487","pep3","DQ_2",3,"NAFAQGQNSVEIEAFGKRYF",1,7,10,13,28,58,0,1.19411764706,1.50769230769,0.551414550212,"Mode",0.00252893902701493,1.05889558017364,NA,NA
"488","pep3","DQ_5",3,"NAFAQGQNSVEIEAFGKRYF",2,4,13,20,21,58,0,0.56862745098,0.323076923077,0.0885015638003,"Mode",0.00616101550026272,1.94722165746951,NA,NA
"489","pep3","DQ_6",3,"NAFAQGQNSVEIEAFGKRYF",3,9,8,22,19,58,0,0.990512333966,0.971590909091,1,"Mode",0.00235227411026617,1.67185747230872,NA,NA
"490","pep3","DQ_7",3,"NAFAQGQNSVEIEAFGKRYF",4,4,13,11,30,58,0,0.909803921569,0.839160839161,1,"Mode",0.0110973420556826,1.20837486493405,NA,NA
"491","pep3","DQ_8",3,"NAFAQGQNSVEIEAFGKRYF",5,5,12,9,32,58,0,1.21848739496,1.48148148148,0.736938560471,"Mode",0.108787844571016,0.685826698684467,NA,NA
"492","pep3","DQ_9",3,"NAFAQGQNSVEIEAFGKRYF",6,2,15,3,38,58,0,1.36470588235,1.68888888889,0.624280572556,"Mode",0.0439912831058331,0.461269880200781,NA,NA
"493","pep3","DR_1",3,"NAFAQGQNSVEIEAFGKRYF",7,1,16,16,25,58,0,0.200692041522,0.09765625,0.0121573209994,"Mode",0.00141073401184934,1.8449838162607,0,1
"494","pep3","DR_10",3,"NAFAQGQNSVEIEAFGKRYF",12,1,16,0,41,58,0,3.41176470588,Inf,0.293103448276,"Mode",0.92874369187642,0.0224619087117177,NA,NA
"495","pep3","DR_11",3,"NAFAQGQNSVEIEAFGKRYF",13,3,14,4,37,58,0,1.46218487395,1.98214285714,0.406810459836,"Mode",0.0178016374823413,0.433880558524786,NA,0
"496","pep3","DR_12",3,"NAFAQGQNSVEIEAFGKRYF",14,0,17,2,39,58,0,0,0,1,"Mode",0.00120935899435899,0.418473921700495,NA,NA
"497","pep3","DR_13",3,"NAFAQGQNSVEIEAFGKRYF",15,5,12,3,38,58,0,2.13235294118,5.27777777778,0.0401367831426,"Mode",0.475946458053038,0.200064493470162,NA,1
"498","pep3","DR_14",3,"NAFAQGQNSVEIEAFGKRYF",16,2,15,5,36,58,0,0.974789915966,0.96,1,"Mode",0.0182522599543291,0.620096892411113,NA,NA
"499","pep3","DR_15",3,"NAFAQGQNSVEIEAFGKRYF",17,4,13,19,22,58,0,0.593350383632,0.356275303644,0.144236233337,"Mode",0.00130621654262899,1.72438556820095,0,1
"500","pep3","DR_17",3,"NAFAQGQNSVEIEAFGKRYF",18,5,12,7,34,58,0,1.42156862745,2.02380952381,0.306894395239,"Mode",0.183166069715296,0.550812691062427,NA,NA
"501","pep3","DR_4",3,"NAFAQGQNSVEIEAFGKRYF",8,7,10,14,27,58,0,1.13725490196,1.35,0.765145013823,"Mode",0.0147333531172429,1.09833472701516,0,0
"502","pep3","DR_7",3,"NAFAQGQNSVEIEAFGKRYF",9,4,13,8,33,58,0,1.13725490196,1.26923076923,0.732860488705,"Mode",0.00475884868752247,0.94744437074718,NA,1
"503","pep3","DR_8",3,"NAFAQGQNSVEIEAFGKRYF",10,0,17,1,40,58,0,0,0,1,"Mode",0.0109500680503546,0.173861812941761,NA,NA
"504","pep3","DR_9",3,"NAFAQGQNSVEIEAFGKRYF",11,1,16,1,40,58,0,1.70588235294,2.5,0.503932244404,"Mode",0.0707857388666511,0.151516100372353,NA,1
"505","pep4","DQ_2",4,"EIEAFGKRYFTDSVRNMKNA",1,3,10,17,28,58,0,0.669230769231,0.494117647059,0.509443471761,"Mode",0.00133750640200546,1.7629669117355,NA,NA
"506","pep4","DQ_5",4,"EIEAFGKRYFTDSVRNMKNA",2,6,7,18,27,58,0,1.11538461538,1.28571428571,0.755445619267,"Mode",0.00655995782107183,1.50595797927859,NA,NA
"507","pep4","DQ_6",4,"EIEAFGKRYFTDSVRNMKNA",3,6,7,25,20,58,0,0.863523573201,0.685714285714,0.753332157516,"Mode",0.00140213023897443,1.92524177430843,NA,NA
"508","pep4","DQ_7",4,"EIEAFGKRYFTDSVRNMKNA",4,3,10,12,33,58,0,0.892307692308,0.825,1,"Mode",0.0003786702257289,1.46441551423719,NA,NA
"509","pep4","DQ_8",4,"EIEAFGKRYFTDSVRNMKNA",5,4,9,10,35,58,0,1.27472527473,1.55555555556,0.713784147433,"Mode",0.0460363827313717,1.06549159829292,NA,NA
"510","pep4","DQ_9",4,"EIEAFGKRYFTDSVRNMKNA",6,3,10,2,43,58,0,2.67692307692,6.45,0.0690951516723,"Mode",0.196621979824427,0.218865379956349,NA,NA
"511","pep4","DR_1",4,"EIEAFGKRYFTDSVRNMKNA",7,3,10,14,31,58,0,0.787330316742,0.664285714286,0.735764179045,"Mode",0.00784175499468623,1.293507417164,1,0
"512","pep4","DR_10",4,"EIEAFGKRYFTDSVRNMKNA",12,1,12,0,45,58,0,4.46153846154,Inf,0.224137931034,"Mode",0.933368759461425,0.0984093093933089,NA,NA
"513","pep4","DR_11",4,"EIEAFGKRYFTDSVRNMKNA",13,1,12,6,39,58,0,0.637362637363,0.541666666667,1,"Mode",0.0122113559352662,0.975740247198431,NA,1
"514","pep4","DR_12",4,"EIEAFGKRYFTDSVRNMKNA",14,1,12,1,44,58,0,2.23076923077,3.66666666667,0.40108892922,"Mode",0.300757852058502,0.0887689041111872,NA,NA
"515","pep4","DR_13",4,"EIEAFGKRYFTDSVRNMKNA",15,4,9,4,41,58,0,2.23076923077,4.55555555556,0.0660327001053,"Mode",0.30880799746369,0.357970744822295,NA,1
"516","pep4","DR_14",4,"EIEAFGKRYFTDSVRNMKNA",16,2,11,5,40,58,0,1.27472527473,1.45454545455,0.647838692372,"Mode",0.0834508168939879,0.600263580633565,NA,NA
"517","pep4","DR_15",4,"EIEAFGKRYFTDSVRNMKNA",17,2,11,21,24,58,0,0.387959866221,0.207792207792,0.0562038445135,"Mode",0.00268579737886151,1.9162368630357,0,0
"518","pep4","DR_17",4,"EIEAFGKRYFTDSVRNMKNA",18,2,11,10,35,58,0,0.74358974359,0.636363636364,0.715806080458,"Mode",0.0101787131260457,1.11982148321129,NA,NA
"519","pep4","DR_4",4,"EIEAFGKRYFTDSVRNMKNA",8,5,8,16,29,58,0,1.06227106227,1.1328125,1,"Mode",0.00601399185136542,1.44149168164269,0,1
"520","pep4","DR_7",4,"EIEAFGKRYFTDSVRNMKNA",9,2,11,10,35,58,0,0.74358974359,0.636363636364,0.715806080458,"Mode",0.00148329871222299,1.36864803077513,NA,0
"521","pep4","DR_8",4,"EIEAFGKRYFTDSVRNMKNA",10,0,13,1,44,58,0,0,0,1,"Mode",0.0371031739814494,0.16712110887296,NA,NA
"522","pep4","DR_9",4,"EIEAFGKRYFTDSVRNMKNA",11,2,11,0,45,58,0,4.46153846154,Inf,0.0471869328494,"Mode",0.966532959712628,0.071783803290799,NA,0
"523","pep5","DQ_2",5,"TDSVRNMKNADLYGGSIGYF",1,5,10,15,28,58,0,0.966666666667,0.933333333333,1,"Mode",0.00334766013072573,1.36567456256034,NA,NA
"524","pep5","DQ_5",5,"TDSVRNMKNADLYGGSIGYF",2,4,11,20,23,58,0,0.644444444444,0.418181818182,0.231204466405,"Mode",0.00440261809896536,1.92181409249825,NA,NA
"525","pep5","DQ_6",5,"TDSVRNMKNADLYGGSIGYF",3,11,4,20,23,58,0,1.37204301075,3.1625,0.131430203132,"Mode",0.0743997913035214,1.09697067708813,NA,NA
"526","pep5","DQ_7",5,"TDSVRNMKNADLYGGSIGYF",4,2,13,13,30,58,0,0.515555555556,0.355029585799,0.308016012097,"Mode",0.000658619519683414,1.39243270951516,NA,NA
"527","pep5","DQ_8",5,"TDSVRNMKNADLYGGSIGYF",5,4,11,10,33,58,0,1.10476190476,1.2,1,"Mode",0.107700634325803,0.940609603736538,NA,NA
"528","pep5","DQ_9",5,"TDSVRNMKNADLYGGSIGYF",6,0,15,5,38,58,0,0,0,0.313209224734,"Mode",0.0138420512226721,0.951623643137384,NA,NA
"529","pep5","DR_1",5,"TDSVRNMKNADLYGGSIGYF",7,3,12,14,29,58,0,0.682352941176,0.517857142857,0.514097258391,"Mode",0.00733134912731711,1.49240971368702,0,1
"530","pep5","DR_10",5,"TDSVRNMKNADLYGGSIGYF",12,0,15,1,42,58,0,0,0,1,"Mode",0.00854288270368972,0.241795389198662,NA,NA
"531","pep5","DR_11",5,"TDSVRNMKNADLYGGSIGYF",13,1,14,6,37,58,0,0.552380952381,0.440476190476,0.663846024537,"Mode",0.0138167744737501,0.914733645715883,NA,0
"532","pep5","DR_12",5,"TDSVRNMKNADLYGGSIGYF",14,0,15,2,41,58,0,0,0,1,"Mode",0.0139022468112476,0.504208405257152,NA,NA
"533","pep5","DR_13",5,"TDSVRNMKNADLYGGSIGYF",15,3,12,5,38,58,0,1.45,1.9,0.413871579664,"Mode",0.16260207652691,0.544647432668204,NA,0
"534","pep5","DR_14",5,"TDSVRNMKNADLYGGSIGYF",16,1,14,6,37,58,0,0.552380952381,0.440476190476,0.663846024537,"Mode",0.00254384719132096,0.906611171301247,NA,NA
"535","pep5","DR_15",5,"TDSVRNMKNADLYGGSIGYF",17,8,7,15,28,58,0,1.34492753623,2.13333333333,0.23471021995,"Mode",0.0833371746643976,0.974362871713045,0,1
"536","pep5","DR_17",5,"TDSVRNMKNADLYGGSIGYF",18,5,10,7,36,58,0,1.61111111111,2.57142857143,0.264582740307,"Mode",0.206241947876535,0.568628136073137,NA,NA
"537","pep5","DR_4",5,"TDSVRNMKNADLYGGSIGYF",8,6,9,15,28,58,0,1.10476190476,1.24444444444,0.761763217147,"Mode",0.033844678921176,1.17517015140432,0,0
"538","pep5","DR_7",5,"TDSVRNMKNADLYGGSIGYF",9,1,14,11,32,58,0,0.322222222222,0.207792207792,0.156072334663,"Mode",0.0018917056980207,1.45488455661788,NA,0
"539","pep5","DR_8",5,"TDSVRNMKNADLYGGSIGYF",10,0,15,1,42,58,0,0,0,1,"Mode",0.0397280471759578,0.261200950115911,NA,NA
"540","pep5","DR_9",5,"TDSVRNMKNADLYGGSIGYF",11,0,15,2,41,58,0,0,0,1,"Mode",0.00283628642765004,0.373210046370624,NA,0
"541","pep6","DQ_2",6,"DLYGGSIGYFLTDDVELALS",1,4,7,16,31,58,0,1.05454545455,1.10714285714,1,"Mode",0.00562653480459028,1.29418038908109,NA,NA
"542","pep6","DQ_5",6,"DLYGGSIGYFLTDDVELALS",2,3,8,21,26,58,0,0.659090909091,0.464285714286,0.333399712183,"Mode",0.00307489445697472,1.99453872197472,NA,NA
"543","pep6","DQ_6",6,"DLYGGSIGYFLTDDVELALS",3,6,5,25,22,58,0,1.02052785924,1.056,1,"Mode",0.00194473905025315,1.88835968954716,NA,NA
"544","pep6","DQ_7",6,"DLYGGSIGYFLTDDVELALS",4,2,9,13,34,58,0,0.70303030303,0.581196581197,0.71022789402,"Mode",0.00365508424398056,1.35183520071902,NA,NA
"545","pep6","DQ_8",6,"DLYGGSIGYFLTDDVELALS",5,3,8,11,36,58,0,1.12987012987,1.22727272727,1,"Mode",0.0910409726022681,1.00831119199947,NA,NA
"546","pep6","DQ_9",6,"DLYGGSIGYFLTDDVELALS",6,1,10,4,43,58,0,1.05454545455,1.075,1,"Mode",0.0304987517074895,0.627235462164168,NA,NA
"547","pep6","DR_1",6,"DLYGGSIGYFLTDDVELALS",7,1,10,16,31,58,0,0.310160427807,0.19375,0.148191621042,"Mode",0.00093538632387751,1.78062050932758,0,1
"548","pep6","DR_10",6,"DLYGGSIGYFLTDDVELALS",12,0,11,1,46,58,0,0,0,1,"Mode",0.0482414859023349,0.299230902549664,NA,NA
"549","pep6","DR_11",6,"DLYGGSIGYFLTDDVELALS",13,2,9,5,42,58,0,1.50649350649,1.86666666667,0.607171659568,"Mode",0.0598169466855305,0.601078071999108,NA,0
"550","pep6","DR_12",6,"DLYGGSIGYFLTDDVELALS",14,0,11,2,45,58,0,0,0,1,"Mode",0.00290660803535165,0.550031071598361,NA,NA
"551","pep6","DR_13",6,"DLYGGSIGYFLTDDVELALS",15,3,8,5,42,58,0,1.97727272727,3.15,0.166927828083,"Mode",0.144808777052296,0.5305114939842,NA,0
"552","pep6","DR_14",6,"DLYGGSIGYFLTDDVELALS",16,2,9,5,42,58,0,1.50649350649,1.86666666667,0.607171659568,"Mode",0.12382698916211,0.605742320428654,NA,NA
"553","pep6","DR_15",6,"DLYGGSIGYFLTDDVELALS",17,3,8,20,27,58,0,0.687747035573,0.50625,0.498606926371,"Mode",0.000536286411854127,1.80387622136372,0,1
"554","pep6","DR_17",6,"DLYGGSIGYFLTDDVELALS",18,3,8,9,38,58,0,1.31818181818,1.58333333333,0.680651115358,"Mode",0.0308036934126457,0.943223417581613,NA,NA
"555","pep6","DR_4",6,"DLYGGSIGYFLTDDVELALS",8,4,7,17,30,58,0,1.00432900433,1.00840336134,1,"Mode",0.00653811519144685,1.39488103067098,1,1
"556","pep6","DR_7",6,"DLYGGSIGYFLTDDVELALS",9,3,8,9,38,58,0,1.31818181818,1.58333333333,0.680651115358,"Mode",0.00776216176846193,0.934589694919384,NA,1
"557","pep6","DR_8",6,"DLYGGSIGYFLTDDVELALS",10,0,11,1,46,58,0,0,0,1,"Mode",0.0204720568149917,0.19873975239193,NA,NA
"558","pep6","DR_9",6,"DLYGGSIGYFLTDDVELALS",11,0,11,2,45,58,0,0,0,1,"Mode",0.00456053766391646,0.329447089079647,NA,1
"559","pep7","DQ_2",7,"LTDDVELALSYGEYHDVRGT",1,3,7,17,31,58,0,0.87,0.781512605042,1,"Mode",0.00578243771130387,1.47263995118858,NA,NA
"560","pep7","DQ_5",7,"LTDDVELALSYGEYHDVRGT",2,3,7,21,27,58,0,0.725,0.551020408163,0.499459524142,"Mode",0.000373195845242992,1.93384037489506,NA,NA
"561","pep7","DQ_6",7,"LTDDVELALSYGEYHDVRGT",3,7,3,24,24,58,0,1.30967741935,2.33333333333,0.310982025743,"Mode",0.00393435181485378,1.66982177707444,NA,NA
"562","pep7","DQ_7",7,"LTDDVELALSYGEYHDVRGT",4,0,10,15,33,58,0,0,0,0.0502198387706,"Mode",0.00864874230949343,1.84998590776753,NA,NA
"563","pep7","DQ_8",7,"LTDDVELALSYGEYHDVRGT",5,5,5,9,39,58,0,2.07142857143,4.33333333333,0.050407391666,"Mode",0.172153801630292,0.661894647776997,NA,NA
"564","pep7","DQ_9",7,"LTDDVELALSYGEYHDVRGT",6,0,10,5,43,58,0,0,0,0.575349030884,"Mode",0.00536877604273161,0.882431715841827,NA,NA
"565","pep7","DR_1",7,"LTDDVELALSYGEYHDVRGT",7,2,8,15,33,58,0,0.682352941176,0.55,0.707016656547,"Mode",0.00208446859037712,1.57757470034664,0,0
"566","pep7","DR_10",7,"LTDDVELALSYGEYHDVRGT",12,0,10,1,47,58,0,0,0,1,"Mode",0.00133511394515299,0.188726722530726,NA,NA
"567","pep7","DR_11",7,"LTDDVELALSYGEYHDVRGT",13,0,10,7,41,58,0,0,0,0.335596887218,"Mode",0.000476072557879639,1.19332605240326,NA,0
"568","pep7","DR_12",7,"LTDDVELALSYGEYHDVRGT",14,0,10,2,46,58,0,0,0,1,"Mode",0.0233377388354888,0.379416478477897,NA,NA
"569","pep7","DR_13",7,"LTDDVELALSYGEYHDVRGT",15,1,9,7,41,58,0,0.725,0.650793650794,1,"Mode",0.00274457645768028,0.933330183743948,NA,0
"570","pep7","DR_14",7,"LTDDVELALSYGEYHDVRGT",16,1,9,6,42,58,0,0.828571428571,0.777777777778,1,"Mode",0.0187157401328781,0.80001090291604,NA,NA
"571","pep7","DR_15",7,"LTDDVELALSYGEYHDVRGT",17,6,4,17,31,58,0,1.51304347826,2.73529411765,0.172848993511,"Mode",0.0122735018202796,1.29633650671749,0,1
"572","pep7","DR_17",7,"LTDDVELALSYGEYHDVRGT",18,3,7,9,39,58,0,1.45,1.85714285714,0.416587509571,"Mode",0.0809474679876458,0.860304199429946,NA,NA
"573","pep7","DR_4",7,"LTDDVELALSYGEYHDVRGT",8,5,5,16,32,58,0,1.38095238095,2,0.470925951082,"Mode",0.00409778883466311,1.28007932690141,0,0
"574","pep7","DR_7",7,"LTDDVELALSYGEYHDVRGT",9,1,9,11,37,58,0,0.483333333333,0.373737373737,0.6699552197,"Mode",0.00699146580242339,1.38736773067294,NA,0
"575","pep7","DR_8",7,"LTDDVELALSYGEYHDVRGT",10,0,10,1,47,58,0,0,0,1,"Mode",0.0237780799576681,0.173886837928547,NA,NA
"576","pep7","DR_9",7,"LTDDVELALSYGEYHDVRGT",11,0,10,2,46,58,0,0,0,1,"Mode",0.00686411247974044,0.454859273069243,NA,1
"577","pep8","DQ_2",8,"YGEYHDVRGTYETGNKKVHG",1,2,6,18,32,58,0,0.725,0.592592592593,0.701473976035,"Mode",0.0080965401930909,1.59825291739932,NA,NA
"578","pep8","DQ_5",8,"YGEYHDVRGTYETGNKKVHG",2,2,6,22,28,58,0,0.604166666667,0.424242424242,0.449090671225,"Mode",0.00402097822269906,2.12244822817677,NA,NA
"579","pep8","DQ_6",8,"YGEYHDVRGTYETGNKKVHG",3,4,4,27,23,58,0,0.935483870968,0.851851851852,1,"Mode",0.000925318702298958,1.99568500322722,NA,NA
"580","pep8","DQ_7",8,"YGEYHDVRGTYETGNKKVHG",4,3,5,12,38,58,0,1.45,1.9,0.413871579664,"Mode",0.00471042766006576,1.17959359925817,NA,NA
"581","pep8","DQ_8",8,"YGEYHDVRGTYETGNKKVHG",5,2,6,12,38,58,0,1.03571428571,1.05555555556,1,"Mode",0.00194458723049162,1.14335879943127,NA,NA
"582","pep8","DQ_9",8,"YGEYHDVRGTYETGNKKVHG",6,0,8,5,45,58,0,0,0,1,"Mode",0.00804519274743911,0.883603093808345,NA,NA
"583","pep8","DR_1",8,"YGEYHDVRGTYETGNKKVHG",7,0,8,17,33,58,0,0,0,0.0899846436606,"Mode",0.00114866146828309,1.99934597788137,0,0
"584","pep8","DR_10",8,"YGEYHDVRGTYETGNKKVHG",12,0,8,1,49,58,0,0,0,1,"Mode",0.0521619312613145,0.183293367555431,NA,NA
"585","pep8","DR_11",8,"YGEYHDVRGTYETGNKKVHG",13,1,7,6,44,58,0,1.03571428571,1.04761904762,1,"Mode",0.0142372017018455,0.928699888587819,NA,0
"586","pep8","DR_12",8,"YGEYHDVRGTYETGNKKVHG",14,0,8,2,48,58,0,0,0,1,"Mode",0.00375468617452477,0.481426183313332,NA,NA
"587","pep8","DR_13",8,"YGEYHDVRGTYETGNKKVHG",15,0,8,8,42,58,0,0,0,0.58311961551,"Mode",0.00169636434597901,1.30780997966453,NA,0
"588","pep8","DR_14",8,"YGEYHDVRGTYETGNKKVHG",16,2,6,5,45,58,0,2.07142857143,3,0.244996462748,"Mode",0.119985186842316,0.668746352309069,NA,NA
"589","pep8","DR_15",8,"YGEYHDVRGTYETGNKKVHG",17,4,4,19,31,58,0,1.26086956522,1.63157894737,0.700060476556,"Mode",0.00370831748729505,1.59154330276088,0,0
"590","pep8","DR_17",8,"YGEYHDVRGTYETGNKKVHG",18,2,6,10,40,58,0,1.20833333333,1.33333333333,0.664911800369,"Mode",0.00496399775638545,1.10556716117089,NA,NA
"591","pep8","DR_4",8,"YGEYHDVRGTYETGNKKVHG",8,5,3,16,34,58,0,1.72619047619,3.54166666667,0.123834389081,"Mode",0.0732479544878993,1.12239136750091,0,0
"592","pep8","DR_7",8,"YGEYHDVRGTYETGNKKVHG",9,1,7,11,39,58,0,0.604166666667,0.506493506494,1,"Mode",0.00161023226030921,1.37987081124369,NA,0
"593","pep8","DR_8",8,"YGEYHDVRGTYETGNKKVHG",10,0,8,1,49,58,0,0,0,1,"Mode",0.0168466809645433,0.165611712218399,NA,NA
"594","pep8","DR_9",8,"YGEYHDVRGTYETGNKKVHG",11,0,8,2,48,58,0,0,0,1,"Mode",0.00712158193728221,0.413307370309476,NA,0
"595","pep9","DQ_2",9,"YETGNKKVHGNLTSLDAIYH",1,1,9,19,29,58,0,0.29,0.169590643275,0.140728088716,"Mode",0.00018250662371749,1.94171403574503,NA,NA
"596","pep9","DQ_5",9,"YETGNKKVHGNLTSLDAIYH",2,5,5,19,29,58,0,1.20833333333,1.52631578947,0.726119362266,"Mode",0.00586489877699494,1.65207384957813,NA,NA
"597","pep9","DQ_6",9,"YETGNKKVHGNLTSLDAIYH",3,6,4,25,23,58,0,1.12258064516,1.38,0.737120523031,"Mode",0.00402764813758846,1.5725198519019,NA,NA
"598","pep9","DQ_7",9,"YETGNKKVHGNLTSLDAIYH",4,1,9,14,34,58,0,0.386666666667,0.269841269841,0.427210382586,"Mode",0.00559136282044393,1.54059777421286,NA,NA
"599","pep9","DQ_8",9,"YETGNKKVHGNLTSLDAIYH",5,3,7,11,37,58,0,1.24285714286,1.44155844156,0.690909753622,"Mode",0.050413298279844,1.10476667219667,NA,NA
"600","pep9","DQ_9",9,"YETGNKKVHGNLTSLDAIYH",6,1,9,4,44,58,0,1.16,1.22222222222,1,"Mode",0.0103877447602464,0.742570069620041,NA,NA
"601","pep9","DR_1",9,"YETGNKKVHGNLTSLDAIYH",7,4,6,13,35,58,0,1.36470588235,1.79487179487,0.457980814612,"Mode",0.0194038615850672,1.0796617165338,0,1
"602","pep9","DR_10",9,"YETGNKKVHGNLTSLDAIYH",12,0,10,1,47,58,0,0,0,1,"Mode",0.0136753473363353,0.199583019118377,NA,NA
"603","pep9","DR_11",9,"YETGNKKVHGNLTSLDAIYH",13,1,9,6,42,58,0,0.828571428571,0.777777777778,1,"Mode",0.0120871167771002,0.871236753765261,NA,0
"604","pep9","DR_12",9,"YETGNKKVHGNLTSLDAIYH",14,0,10,2,46,58,0,0,0,1,"Mode",0.023434419587678,0.367163269747987,NA,NA
"605","pep9","DR_13",9,"YETGNKKVHGNLTSLDAIYH",15,1,9,7,41,58,0,0.725,0.650793650794,1,"Mode",0.00558743745062064,1.08835708833126,NA,0
"606","pep9","DR_14",9,"YETGNKKVHGNLTSLDAIYH",16,1,9,6,42,58,0,0.828571428571,0.777777777778,1,"Mode",0.00399767748836485,0.870159036640791,NA,NA
"607","pep9","DR_15",9,"YETGNKKVHGNLTSLDAIYH",17,5,5,18,30,58,0,1.26086956522,1.66666666667,0.496311470835,"Mode",0.0592816486292724,1.2196420321925,0,0
"608","pep9","DR_17",9,"YETGNKKVHGNLTSLDAIYH",18,1,9,11,37,58,0,0.483333333333,0.373737373737,0.6699552197,"Mode",0.000943367835939059,1.37096189562168,NA,NA
"609","pep9","DR_4",9,"YETGNKKVHGNLTSLDAIYH",8,4,6,17,31,58,0,1.10476190476,1.21568627451,1,"Mode",0.0154780689838733,1.43606103543688,0,0
"610","pep9","DR_7",9,"YETGNKKVHGNLTSLDAIYH",9,0,10,12,36,58,0,0,0,0.102057654842,"Mode",0.00337134532068722,1.65903173988171,NA,0
"611","pep9","DR_8",9,"YETGNKKVHGNLTSLDAIYH",10,0,10,1,47,58,0,0,0,1,"Mode",0.0037342587937087,0.127679531278674,NA,NA
"612","pep9","DR_9",9,"YETGNKKVHGNLTSLDAIYH",11,1,9,1,47,58,0,2.9,5.22222222222,0.317604355717,"Mode",0.342873023330442,0.100280513917252,NA,0
